scenario,condition,method,distribution_aware,epsilon,inflation,seed,time_s,speed_ms,min_dist_m,min_ttc_s,collision_count,ade,fde
scenario_01,lstm_robust_eps0.0,lstm,True,0.0,1.0,0,19.900000000000013,2.0020780033555754,4.0488273155301,2.0791268650404513,0,2.191179500444128,3.910268259304726
scenario_01,lstm_robust_eps0.0,lstm,True,0.0,1.0,1,19.500000000000007,3.0074026250529142,3.7406074469346415,1.3651874524348726,0,2.221796707444226,3.96719477516941
scenario_01,lstm_robust_eps0.0,lstm,True,0.0,1.0,2,19.900000000000013,2.0266867270463917,4.000640166495507,1.9386560192618316,0,2.2003837262320975,3.937225697617282
scenario_01,lstm_robust_eps0.0,lstm,True,0.0,1.0,3,18.599999999999994,3.1543953730144603,3.455499073517297,1.085851087942187,0,2.2696196556461987,4.054260155021629
scenario_01,lstm_robust_eps0.0,lstm,True,0.0,1.0,4,19.70000000000001,2.9661072516887343,3.6058389826274833,1.4750300323547065,0,2.199991868077407,3.9310465874751648
scenario_01,lstm_robust_eps0.0,lstm,True,0.0,1.0,5,18.599999999999994,3.1713551109964104,3.3545484269450663,1.0250241115047827,0,2.277717874133156,4.077226079776886
scenario_01,lstm_robust_eps0.0,lstm,True,0.0,1.0,6,19.900000000000013,2.0388352617980807,4.15260807364651,1.953866307050431,0,2.198488825406716,3.9191875218771783
scenario_01,lstm_robust_eps0.0,lstm,True,0.0,1.0,7,18.499999999999993,3.1842787858603923,3.408993284398528,1.065956667036859,0,2.2833307359483173,4.086344397125558
scenario_01,lstm_robust_eps0.0,lstm,True,0.0,1.0,8,19.900000000000013,2.0716901309878653,4.14970883756031,1.9225630772438265,0,2.188794475097236,3.902684180876003
scenario_01,lstm_robust_eps0.0,lstm,True,0.0,1.0,9,19.900000000000013,2.9057587935651368,3.3434696868007725,1.110625651663665,0,2.1965108738202312,3.918673691944516
scenario_01,lstm_robust_eps0.0,lstm,True,0.0,1.0,10,18.599999999999994,3.159576205407776,3.425845039750269,1.060461261960276,0,2.2664051582274523,4.055766405934481
scenario_01,lstm_robust_eps0.0,lstm,True,0.0,1.0,11,18.29999999999999,3.220146572688351,3.329679375057305,1.0233511802168223,0,2.275397082511402,4.076019813638642
scenario_01,lstm_robust_eps0.0,lstm,True,0.0,1.0,12,19.900000000000013,2.0551785763424384,4.385340528963793,1.7327134854249333,0,2.1979035530395143,3.9186809447954727
scenario_01,lstm_robust_eps0.0,lstm,True,0.0,1.0,13,19.900000000000013,2.690325279519409,2.7469610921521226,0.959572937207289,0,2.189093624152221,3.9096676195901843
scenario_01,lstm_robust_eps0.0,lstm,True,0.0,1.0,14,19.900000000000013,2.0436161679412894,4.167674292749545,1.928514563060313,0,2.2026057677804696,3.929563056031101
scenario_01,lstm_robust_eps0.0,lstm,True,0.0,1.0,15,18.29999999999999,3.1980307471254603,3.0937826976989258,0.9141360156629559,0,2.2750272018118993,4.071926671888739
scenario_01,lstm_robust_eps0.0,lstm,True,0.0,1.0,16,19.900000000000013,2.8972508853177112,3.1469059333377993,1.024068601396127,0,2.1915714780905,3.9040203510791662
scenario_01,lstm_robust_eps0.0,lstm,True,0.0,1.0,17,19.900000000000013,2.4805046732337392,3.749521932706805,1.3045201260451564,0,2.194279300927513,3.9115983814200157
scenario_01,lstm_robust_eps0.0,lstm,True,0.0,1.0,18,18.19999999999999,3.2256218889582726,3.183579264114793,0.9444203302910796,0,2.285612937493227,4.097147127885707
scenario_01,lstm_robust_eps0.0,lstm,True,0.0,1.0,19,18.39999999999999,3.1912350350685417,3.3206732955550877,1.0182305000415572,0,2.2784347007429044,4.072687240590994
scenario_01,lstm_single,lstm,False,0.0,1.0,0,17.799999999999983,3.2996658281158986,3.0758516217381766,0.9930804953623733,0,2.2989123792126436,4.134120829395146
scenario_01,lstm_single,lstm,False,0.0,1.0,1,17.899999999999984,3.2816125041873367,3.177357186945362,1.0639705322449686,0,2.3032357679378745,4.13965274485614
scenario_01,lstm_single,lstm,False,0.0,1.0,2,19.1,3.0719245916584956,3.5077097812801874,1.2874821873544366,0,2.2458071823162253,4.023142485431832
scenario_01,lstm_single,lstm,False,0.0,1.0,3,17.899999999999984,3.282401940326779,3.1819771218846937,1.0657206740681255,0,2.2990678749207105,4.123237348795776
scenario_01,lstm_single,lstm,False,0.0,1.0,4,17.899999999999984,3.2771679891817453,3.157209518259105,1.0607312268253495,0,2.2915203258947265,4.1182278720435885
scenario_01,lstm_single,lstm,False,0.0,1.0,5,19.200000000000003,3.042342690512346,2.5762139830512893,1.3889651029018695,0,2.243199009549558,4.009387121488132
scenario_01,lstm_single,lstm,False,0.0,1.0,6,17.999999999999986,3.2642938858657646,3.114135799230121,1.0560208149742532,0,2.3010054129040456,4.1231825539283244
scenario_01,lstm_single,lstm,False,0.0,1.0,7,19.1,3.07188291883542,3.5121958250778524,1.2898001766386047,0,2.2489361384221325,4.016588975440652
scenario_01,lstm_single,lstm,False,0.0,1.0,8,19.1,3.0626223248553717,3.5509943405091726,1.3151010847627165,0,2.2334465185609877,3.987281066452112
scenario_01,lstm_single,lstm,False,0.0,1.0,9,19.1,3.0636075881732814,3.5432460328282023,1.3100974325681254,0,2.2422585534416295,4.001477045967204
scenario_01,lstm_single,lstm,False,0.0,1.0,10,17.799999999999983,3.30351076882685,3.0681013563969675,0.9852170930322842,0,2.298665555866461,4.131772668065077
scenario_01,lstm_single,lstm,False,0.0,1.0,11,17.999999999999986,3.2687683498125373,3.122364365040945,1.0518718277410655,0,2.288235106040569,4.106295828479549
scenario_01,lstm_single,lstm,False,0.0,1.0,12,19.60000000000001,3.006859980062416,3.51758160306775,1.576662238832526,0,2.213991238081111,3.948705334729829
scenario_01,lstm_single,lstm,False,0.0,1.0,13,17.799999999999983,3.287597711312416,3.1138936972942273,1.0261275214912262,0,2.296374913398606,4.126028513785774
scenario_01,lstm_single,lstm,False,0.0,1.0,14,17.899999999999984,3.2735503172528966,3.1174921328718406,1.0381248772109029,0,2.310104460570716,4.146786701426876
scenario_01,lstm_single,lstm,False,0.0,1.0,15,17.799999999999983,3.3110894170184073,3.086581972672495,0.9913516290989923,0,2.2958326390955386,4.122089207049277
scenario_01,lstm_single,lstm,False,0.0,1.0,16,17.999999999999986,3.2734551724146743,3.2076189950738785,1.0809523334645865,0,2.2931061357962252,4.105745143974685
scenario_01,lstm_single,lstm,False,0.0,1.0,17,18.099999999999987,3.2532626256618604,3.2818192931495243,1.1313947528925914,0,2.289563462634391,4.101475160430731
scenario_01,lstm_single,lstm,False,0.0,1.0,18,17.899999999999984,3.291418107131634,3.088448643176556,1.0087190104922605,0,2.2999248170799382,4.128683811159863
scenario_01,lstm_single,lstm,False,0.0,1.0,19,17.899999999999984,3.277350578555111,3.15112750422442,1.0486778697805885,0,2.2992113336668067,4.122175578709655
scenario_01,sgan_robust_eps0.0,sgan,True,0.0,1.0,0,19.0,3.103809348551312,3.4494686221970445,1.2145192932809632,0,2.363809343768037,4.239523186326641
scenario_01,sgan_robust_eps0.0,sgan,True,0.0,1.0,1,19.0,3.1007169368044125,3.446324748737196,1.2100689484374634,0,2.370571888349549,4.256188817166432
scenario_01,sgan_robust_eps0.0,sgan,True,0.0,1.0,2,18.9,3.0913203977997887,3.4274621495328415,1.1907419706071412,0,2.3859865061538557,4.280886306194871
scenario_01,sgan_robust_eps0.0,sgan,True,0.0,1.0,3,18.9,3.093187386598162,3.46890528539325,1.2121921470037411,0,2.3755488570975105,4.26444092089251
scenario_01,sgan_robust_eps0.0,sgan,True,0.0,1.0,4,19.900000000000013,2.6467022437629133,3.347687649720465,2.24125482238889,0,2.2824831652857056,4.076484135824796
scenario_01,sgan_robust_eps0.0,sgan,True,0.0,1.0,5,18.9,3.104907346142616,3.4972615152541913,1.2141829312453514,0,2.3787920046659345,4.2713829511662365
scenario_01,sgan_robust_eps0.0,sgan,True,0.0,1.0,6,18.9,3.0953196383318753,3.4290188345724286,1.2100143351444541,0,2.383166530997258,4.275872171364795
scenario_01,sgan_robust_eps0.0,sgan,True,0.0,1.0,7,18.9,3.096242803712536,3.5114205250549912,1.2341352245326385,0,2.372270364928837,4.257894765969003
scenario_01,sgan_robust_eps0.0,sgan,True,0.0,1.0,8,19.900000000000013,2.65169618748141,3.200047257586778,1.983810523503576,0,2.313538878414583,4.13956385645452
scenario_01,sgan_robust_eps0.0,sgan,True,0.0,1.0,9,18.799999999999997,3.115360128754709,3.4436012615540648,1.1756622255756404,0,2.3860279557935034,4.294377738387312
scenario_01,sgan_robust_eps0.0,sgan,True,0.0,1.0,10,19.900000000000013,2.6565197130229286,3.375037979590036,2.249183676461268,0,2.30035251011671,4.110869538839084
scenario_01,sgan_robust_eps0.0,sgan,True,0.0,1.0,11,18.9,3.1219872008842806,3.4593732708189533,1.1877715139207377,0,2.392871684466852,4.308071755473208
scenario_01,sgan_robust_eps0.0,sgan,True,0.0,1.0,12,19.0,3.098520021423064,3.4497388253320818,1.2113348056823297,0,2.3738923422272133,4.259054504999551
scenario_01,sgan_robust_eps0.0,sgan,True,0.0,1.0,13,18.799999999999997,3.131325412829926,3.4680094055089086,1.1833716982876705,0,2.3763551568062318,4.265468874396878
scenario_01,sgan_robust_eps0.0,sgan,True,0.0,1.0,14,18.9,3.098304416623081,3.4062086157967495,1.195653101824245,0,2.375175185356843,4.257639088259666
scenario_01,sgan_robust_eps0.0,sgan,True,0.0,1.0,15,19.0,3.089673606575035,3.2303672281784457,1.0797457080473825,0,2.3725902544988156,4.259540600307566
scenario_01,sgan_robust_eps0.0,sgan,True,0.0,1.0,16,19.900000000000013,2.60224136628459,3.083230733948303,2.0055191200609404,0,2.2910983525835866,4.098008986742024
scenario_01,sgan_robust_eps0.0,sgan,True,0.0,1.0,17,18.9,3.103003354218424,3.503846398997132,1.2151986722327304,0,2.3839617312735615,4.285405181041178
scenario_01,sgan_robust_eps0.0,sgan,True,0.0,1.0,18,19.900000000000013,1.938185576528714,4.448889636222455,1.7641238832161081,0,2.310938466238747,4.1390607048778785
scenario_01,sgan_robust_eps0.0,sgan,True,0.0,1.0,19,18.9,3.1097921984627397,3.4783460299929088,1.2062489864979669,0,2.380635148195388,4.2722667757550745
scenario_01,sgan_single_inf1.00,sgan,False,0.0,1.0,0,18.099999999999987,3.227969359526945,3.148504838727974,1.0863092853791438,0,2.4156979469373976,4.355760780909787
scenario_01,sgan_single_inf1.00,sgan,False,0.0,1.0,1,18.499999999999993,3.181004992856398,3.2050224380831622,1.188943637128695,0,2.4014551984251287,4.3239118775181975
scenario_01,sgan_single_inf1.00,sgan,False,0.0,1.0,2,18.19999999999999,3.2160853151239874,3.163027103339646,1.1111384039794503,0,2.426863032932855,4.3745863649825205
scenario_01,sgan_single_inf1.00,sgan,False,0.0,1.0,3,18.29999999999999,3.2137258064197245,3.1745675612462687,1.1262317560250639,0,2.4108794468598806,4.342731638071882
scenario_01,sgan_single_inf1.00,sgan,False,0.0,1.0,4,19.900000000000013,2.4903765822571415,3.410513555159993,1.290308595008581,0,2.2828338494975244,4.077280271371886
scenario_01,sgan_single_inf1.00,sgan,False,0.0,1.0,5,19.900000000000013,2.545134312341239,3.457394897546856,1.2945481522483098,0,2.30272897165274,4.120059578193524
scenario_01,sgan_single_inf1.00,sgan,False,0.0,1.0,6,18.099999999999987,3.2395483745304436,3.1499329149218482,1.0802493052733366,0,2.424858865129901,4.3737750159537025
scenario_01,sgan_single_inf1.00,sgan,False,0.0,1.0,7,18.29999999999999,3.201902419190214,3.201350336496274,1.1496471889238764,0,2.4095688698290125,4.341058431565414
scenario_01,sgan_single_inf1.00,sgan,False,0.0,1.0,8,18.29999999999999,3.1939857041541724,3.235773686978035,1.1686247842788777,0,2.4192059965090844,4.361388183921776
scenario_01,sgan_single_inf1.00,sgan,False,0.0,1.0,9,19.900000000000013,2.3619926168109515,3.5676411458286443,1.3104628800065325,0,2.3089297811382163,4.137016969504727
scenario_01,sgan_single_inf1.00,sgan,False,0.0,1.0,10,19.900000000000013,2.618458857702957,3.620507876421866,1.289425064943852,0,2.3006163491460114,4.111549322413543
scenario_01,sgan_single_inf1.00,sgan,False,0.0,1.0,11,18.19999999999999,3.2282677917068963,3.1787760582295874,1.1068039123392195,0,2.4358746548556645,4.406244679254405
scenario_01,sgan_single_inf1.00,sgan,False,0.0,1.0,12,18.19999999999999,3.2119991695177688,3.1916081680923973,1.1255114726537525,0,2.4209581117000183,4.365050554374707
scenario_01,sgan_single_inf1.00,sgan,False,0.0,1.0,13,19.500000000000007,2.99842878172613,3.0556300826264944,1.305935793115105,0,2.329142804922674,4.167033968903086
scenario_01,sgan_single_inf1.00,sgan,False,0.0,1.0,14,19.900000000000013,2.3669069802765734,3.5623086702144997,1.2925283973982868,0,2.3055966514725412,4.116770594533489
scenario_01,sgan_single_inf1.00,sgan,False,0.0,1.0,15,18.29999999999999,3.21651269867672,3.224314535458203,1.1486723941991914,0,2.4160097533708433,4.354461104951868
scenario_01,sgan_single_inf1.00,sgan,False,0.0,1.0,16,18.19999999999999,3.2217318469805227,3.133609023528576,1.0902721770424453,0,2.4006590189524237,4.3299745711561695
scenario_01,sgan_single_inf1.00,sgan,False,0.0,1.0,17,18.29999999999999,3.210913217299453,3.232907661441863,1.158054467308467,0,2.421521327401257,4.368616597081785
scenario_01,sgan_single_inf1.00,sgan,False,0.0,1.0,18,19.900000000000013,2.62048886676087,3.586676933469085,1.3067255248788434,0,2.3109170035214044,4.138863261006531
scenario_01,sgan_single_inf1.00,sgan,False,0.0,1.0,19,18.29999999999999,3.1984449277267006,3.221860576394548,1.1576876413310149,0,2.415009450667069,4.350471357783239
scenario_01,sgan_single_inf1.10,sgan,False,0.0,1.1,0,19.80000000000001,2.9564123997784213,3.1662492948094045,1.1672121514457525,0,2.3076938663072104,4.1263436259791995
scenario_01,sgan_single_inf1.10,sgan,False,0.0,1.1,1,19.900000000000013,2.1838385231237494,4.218569660046913,1.8303567407479029,0,2.306286140030323,4.1277597793656255
scenario_01,sgan_single_inf1.10,sgan,False,0.0,1.1,2,19.900000000000013,2.224849765904729,4.242579300314389,1.7628282448716466,0,2.3115450397381068,4.132169199568724
scenario_01,sgan_single_inf1.10,sgan,False,0.0,1.1,3,19.900000000000013,2.240389165107964,4.225389284077714,1.743378229498062,0,2.3010693093900776,4.115957838797387
scenario_01,sgan_single_inf1.10,sgan,False,0.0,1.1,4,19.900000000000013,2.2230567739790645,4.23405644759278,1.766057798687062,0,2.282925582116977,4.07761891726939
scenario_01,sgan_single_inf1.10,sgan,False,0.0,1.1,5,18.19999999999999,3.233231274682661,3.13992510657581,1.092728180278496,0,2.4195417715056755,4.364735336833109
scenario_01,sgan_single_inf1.10,sgan,False,0.0,1.1,6,19.80000000000001,2.9579904489738205,3.1708870582422852,1.1680337493384227,0,2.3178372686126725,4.144160826919465
scenario_01,sgan_single_inf1.10,sgan,False,0.0,1.1,7,19.900000000000013,2.2411641682293864,4.2509855091704205,1.7605608200847156,0,2.2986414088406213,4.10975422893924
scenario_01,sgan_single_inf1.10,sgan,False,0.0,1.1,8,19.900000000000013,2.2234568154307466,4.2303077535285505,1.7697896855220214,0,2.314050349412429,4.140914403067264
scenario_01,sgan_single_inf1.10,sgan,False,0.0,1.1,9,19.900000000000013,2.187898975735524,4.2369351435884415,1.8053813681484292,0,2.30914474785031,4.137473329667519
scenario_01,sgan_single_inf1.10,sgan,False,0.0,1.1,10,19.900000000000013,2.197449580972769,4.21537150854721,1.7955529358111237,0,2.3007723242449205,4.11193909093891
scenario_01,sgan_single_inf1.10,sgan,False,0.0,1.1,11,19.900000000000013,2.2225340974542176,4.240133918902788,1.7643049795639951,0,2.3197957017090234,4.162384626948472
scenario_01,sgan_single_inf1.10,sgan,False,0.0,1.1,12,19.900000000000013,2.241903004301429,4.237005521302577,1.7489525648811421,0,2.3085158653358,4.1283556259357885
scenario_01,sgan_single_inf1.10,sgan,False,0.0,1.1,13,19.900000000000013,2.189478095843067,4.256152616554579,1.8066741596612907,0,2.2984140072511505,4.107608037398437
scenario_01,sgan_single_inf1.10,sgan,False,0.0,1.1,14,19.900000000000013,2.1705021784437046,4.252754379116828,1.8641429790564887,0,2.305747835630695,4.1171555836695575
scenario_01,sgan_single_inf1.10,sgan,False,0.0,1.1,15,19.900000000000013,2.2442839968791133,4.20611696245801,1.7570487468101472,0,2.309304107862988,4.132389938959433
scenario_01,sgan_single_inf1.10,sgan,False,0.0,1.1,16,19.900000000000013,2.2301628592734515,4.202907095856384,1.7495082014397785,0,2.2920062484790344,4.1002652426987165
scenario_01,sgan_single_inf1.10,sgan,False,0.0,1.1,17,19.80000000000001,2.9569393404727635,3.1735186093479357,1.1702214872241725,0,2.3181971534834136,4.153709848424549
scenario_01,sgan_single_inf1.10,sgan,False,0.0,1.1,18,19.900000000000013,2.2231484957335987,4.226413088307349,1.764862458197544,0,2.3110445987818196,4.139194284476593
scenario_01,sgan_single_inf1.10,sgan,False,0.0,1.1,19,19.900000000000013,2.2215098600832675,4.241891515333298,1.7619491631429838,0,2.3059976764944197,4.1248860915948775
scenario_01,sgan_single_inf1.20,sgan,False,0.0,1.2,0,19.900000000000013,2.249396419480776,4.1981657302007545,1.740029221759823,0,2.2987977322636852,4.1101206016508165
scenario_01,sgan_single_inf1.20,sgan,False,0.0,1.2,1,19.900000000000013,2.933514733346887,3.218047929231241,1.24630492560396,0,2.30616801581555,4.127259345993204
scenario_01,sgan_single_inf1.20,sgan,False,0.0,1.2,2,19.900000000000013,2.253163481920362,4.191144363550426,1.7462398209315004,0,2.311556309694506,4.132181589830143
scenario_01,sgan_single_inf1.20,sgan,False,0.0,1.2,3,19.900000000000013,2.2526938532500576,4.211897268400274,1.7620591576252398,0,2.3010734207702894,4.115957288773109
scenario_01,sgan_single_inf1.20,sgan,False,0.0,1.2,4,19.900000000000013,2.268812736750531,4.174613399841704,1.7717766114909668,0,2.282939125630615,4.077626822290209
scenario_01,sgan_single_inf1.20,sgan,False,0.0,1.2,5,19.900000000000013,2.2433058323494,4.218904431455021,1.7526156239174677,0,2.302841864834584,4.1204892783746745
scenario_01,sgan_single_inf1.20,sgan,False,0.0,1.2,6,19.900000000000013,2.256206095143221,4.194331236903704,1.7472805352873477,0,2.308555059211662,4.127134623234252
scenario_01,sgan_single_inf1.20,sgan,False,0.0,1.2,7,19.900000000000013,2.7543288112090387,3.141155317285727,1.9860460275591187,0,2.2980620993008922,4.10843800406356
scenario_01,sgan_single_inf1.20,sgan,False,0.0,1.2,8,19.900000000000013,2.247916994376647,4.238898683742222,1.759238572673905,0,2.314048724925579,4.14090681690984
scenario_01,sgan_single_inf1.20,sgan,False,0.0,1.2,9,19.900000000000013,2.2909412527764266,4.217856068180919,1.7271438306317144,0,2.309144384132226,4.13745666705968
scenario_01,sgan_single_inf1.20,sgan,False,0.0,1.2,10,19.900000000000013,2.2249626766484703,4.221705726565997,1.7619125781222096,0,2.3007697004047802,4.111934965512392
scenario_01,sgan_single_inf1.20,sgan,False,0.0,1.2,11,19.900000000000013,2.2420909014270167,4.250666982136542,1.7631492182477464,0,2.319793026607176,4.1623760139237485
scenario_01,sgan_single_inf1.20,sgan,False,0.0,1.2,12,19.900000000000013,2.2410672728352363,4.25116994131458,1.7635531029714602,0,2.308513166420255,4.128349912184765
scenario_01,sgan_single_inf1.20,sgan,False,0.0,1.2,13,19.900000000000013,2.2580610948462376,4.216857036010584,1.7762581091286203,0,2.2984222960742366,4.10760860356791
scenario_01,sgan_single_inf1.20,sgan,False,0.0,1.2,14,19.900000000000013,2.242540765654168,4.2734410195664605,1.7653731767648466,0,2.305742208143615,4.117145548271896
scenario_01,sgan_single_inf1.20,sgan,False,0.0,1.2,15,19.900000000000013,2.248159187893946,4.210268514986048,1.760022211721403,0,2.3093031963922717,4.132386141828559
scenario_01,sgan_single_inf1.20,sgan,False,0.0,1.2,16,19.900000000000013,2.233728053396841,4.2003307098975835,1.756376674275993,0,2.292007064085418,4.10026483407365
scenario_01,sgan_single_inf1.20,sgan,False,0.0,1.2,17,19.900000000000013,2.256167166097868,4.224819114535888,1.7848834012587793,0,2.3097227146489714,4.138116163210113
scenario_01,sgan_single_inf1.20,sgan,False,0.0,1.2,18,19.70000000000001,2.9798573778774275,3.08235978372095,1.120329170508975,0,2.326996013039683,4.1697494734706355
scenario_01,sgan_single_inf1.20,sgan,False,0.0,1.2,19,19.900000000000013,2.241467184455085,4.267925147624965,1.7656865517082798,0,2.3059904083353397,4.124869956912734
scenario_01,sgan_single_inf1.35,sgan,False,0.0,1.35,0,19.900000000000013,2.4164990970045723,4.1292458885117345,1.6139704267548904,0,2.2987999810571083,4.110095434811225
scenario_01,sgan_single_inf1.35,sgan,False,0.0,1.35,1,19.900000000000013,2.6269964180049317,3.4189534996311206,2.0719397059748523,0,2.3058132436080663,4.12655008267686
scenario_01,sgan_single_inf1.35,sgan,False,0.0,1.35,2,19.900000000000013,2.497544142563411,4.101666508591921,1.5724763417438539,0,2.311541591314002,4.132109863736691
scenario_01,sgan_single_inf1.35,sgan,False,0.0,1.35,3,19.900000000000013,2.3183246277790257,4.166110032015526,1.721509189516792,0,2.301078656317741,4.115952842321974
scenario_01,sgan_single_inf1.35,sgan,False,0.0,1.35,4,19.900000000000013,2.481651544696467,4.084520900217776,1.5784858611622983,0,2.2829405537022636,4.077596978622002
scenario_01,sgan_single_inf1.35,sgan,False,0.0,1.35,5,19.900000000000013,2.4049375946259817,4.164190313615351,1.6377370162122629,0,2.30283954937154,4.120456030548606
scenario_01,sgan_single_inf1.35,sgan,False,0.0,1.35,6,19.900000000000013,2.404216968445459,4.162168871817844,1.6222524596201067,0,2.308551670643901,4.127107646275136
scenario_01,sgan_single_inf1.35,sgan,False,0.0,1.35,7,18.9,3.1150996125543315,3.4411446335798046,1.212413835295862,0,2.372253167545524,4.2578505861487805
scenario_01,sgan_single_inf1.35,sgan,False,0.0,1.35,8,19.900000000000013,2.2901746115350377,4.217996675160807,1.7447724112966212,0,2.314050512860354,4.140896090148852
scenario_01,sgan_single_inf1.35,sgan,False,0.0,1.35,9,19.900000000000013,2.4910219816471932,4.1317434593956355,1.5823147185416755,0,2.309142060715001,4.137421708053845
scenario_01,sgan_single_inf1.35,sgan,False,0.0,1.35,10,19.900000000000013,2.41101903281238,4.133424445943982,1.6208500999727364,0,2.3007736327086126,4.1119141968779065
scenario_01,sgan_single_inf1.35,sgan,False,0.0,1.35,11,19.900000000000013,2.313568359609004,4.200626067530173,1.714211342057067,0,2.3197994470057424,4.162370289666339
scenario_01,sgan_single_inf1.35,sgan,False,0.0,1.35,12,19.900000000000013,2.3031550484167282,4.164266488540074,1.7260464796963444,0,2.308533593321516,4.128370703058567
scenario_01,sgan_single_inf1.35,sgan,False,0.0,1.35,13,19.900000000000013,2.4656003995258438,4.135343179751066,1.5921878994586982,0,2.2984257109701565,4.107580001213584
scenario_01,sgan_single_inf1.35,sgan,False,0.0,1.35,14,19.0,3.0932999262299723,3.50670510623539,1.2458136208461932,0,2.3683230729709583,4.243456556577608
scenario_01,sgan_single_inf1.35,sgan,False,0.0,1.35,15,19.900000000000013,2.3026367661539378,4.166319833885395,1.7317740392348522,0,2.309310515706801,4.132385882532609
scenario_01,sgan_single_inf1.35,sgan,False,0.0,1.35,16,19.900000000000013,2.3213154016295463,4.137084672125173,1.7092142035868563,0,2.29201421149696,4.100257686641548
scenario_01,sgan_single_inf1.35,sgan,False,0.0,1.35,17,19.900000000000013,2.311457554423775,4.192234598193087,1.7133954090649113,0,2.309725459072048,4.138115231299476
scenario_01,sgan_single_inf1.35,sgan,False,0.0,1.35,18,19.900000000000013,2.4077983344316674,4.147176289750601,1.6234126136343727,0,2.311047097410832,4.1391654264722835
scenario_01,sgan_single_inf1.35,sgan,False,0.0,1.35,19,19.900000000000013,2.4082821933443963,4.15999135616633,1.6297326170307167,0,2.3060034785093384,4.124861958355494
scenario_01,sgan_single_inf1.50,sgan,False,0.0,1.5,0,19.900000000000013,2.4848526300041986,4.077576588145239,1.578369015673244,0,2.298801540792468,4.110080931839245
scenario_01,sgan_single_inf1.50,sgan,False,0.0,1.5,1,19.0,3.1061047154084833,3.436439442032113,1.2049305870890967,0,2.3705689586848195,4.256180701904809
scenario_01,sgan_single_inf1.50,sgan,False,0.0,1.5,2,19.900000000000013,2.2243160704630793,4.222600874776389,1.7098636119730612,0,2.311545493193891,4.132183118524689
scenario_01,sgan_single_inf1.50,sgan,False,0.0,1.5,3,19.900000000000013,2.494844969958932,4.109263366217974,1.5921712231322593,0,2.301068038588222,4.1159063842739645
scenario_01,sgan_single_inf1.50,sgan,False,0.0,1.5,4,19.900000000000013,2.220305692616632,4.236793494918777,1.6975790946059206,0,2.282915579202274,4.077611188952348
scenario_01,sgan_single_inf1.50,sgan,False,0.0,1.5,5,18.799999999999997,3.1172161091725594,3.4315185350617927,1.1676899295717682,0,2.3833735422539695,4.282676866842399
scenario_01,sgan_single_inf1.50,sgan,False,0.0,1.5,6,18.9,3.0999005999976834,3.471517139966605,1.216178067581584,0,2.383176212881414,4.27590242816797
scenario_01,sgan_single_inf1.50,sgan,False,0.0,1.5,7,19.900000000000013,2.2137577865128746,4.282069521457506,1.7253651405997144,0,2.2986303993421027,4.109751358433398
scenario_01,sgan_single_inf1.50,sgan,False,0.0,1.5,8,19.900000000000013,2.228919563839182,4.266213013525592,1.7074797702863005,0,2.3140337241214977,4.14089488261895
scenario_01,sgan_single_inf1.50,sgan,False,0.0,1.5,9,19.900000000000013,2.269678629445638,4.235547741369182,1.6962496289747584,0,2.309139956981731,4.137459369775705
scenario_01,sgan_single_inf1.50,sgan,False,0.0,1.5,10,19.900000000000013,2.3828552793980693,3.9810464790961198,1.7964614110347357,0,2.3008117189559076,4.111968024471425
scenario_01,sgan_single_inf1.50,sgan,False,0.0,1.5,11,19.900000000000013,2.4977743485233947,4.107412442487294,1.5784739216853834,0,2.3197970559238814,4.162330403388263
scenario_01,sgan_single_inf1.50,sgan,False,0.0,1.5,12,19.900000000000013,2.4915982586760035,4.145965216644187,1.5825123797774674,0,2.3085227488796476,4.128325426960086
scenario_01,sgan_single_inf1.50,sgan,False,0.0,1.5,13,19.0,3.1036274110555726,3.4723938964133465,1.2232648628814946,0,2.363240873091464,4.237223919482635
scenario_01,sgan_single_inf1.50,sgan,False,0.0,1.5,14,19.0,3.093975350517055,3.500537235561073,1.2420945704166155,0,2.3683215192106735,4.243452421962836
scenario_01,sgan_single_inf1.50,sgan,False,0.0,1.5,15,19.900000000000013,2.6490530098481884,3.3698185761921344,2.246305478118975,0,2.308822649469745,4.131223910172905
scenario_01,sgan_single_inf1.50,sgan,False,0.0,1.5,16,19.900000000000013,2.528027163693299,3.830231523900124,1.6519718958734875,0,2.2920522439020394,4.10024029903538
scenario_01,sgan_single_inf1.50,sgan,False,0.0,1.5,17,18.9,3.111496302095445,3.4558667445991262,1.201629048894938,0,2.3839542281154333,4.285379995171791
scenario_01,sgan_single_inf1.50,sgan,False,0.0,1.5,18,19.900000000000013,2.4609705099542536,4.172603148760224,1.5981674541648505,0,2.311037547605938,4.13914049482031
scenario_01,sgan_single_inf1.50,sgan,False,0.0,1.5,19,19.0,3.102104435182374,3.507377919111076,1.2403159561582864,0,2.3725082804641837,4.25682564159602
scenario_02,lstm_robust_eps0.0,lstm,True,0.0,1.0,0,20.000000000000014,2.4374470273705944,2.037412286540647,0.6338524102065751,0,2.013836308032476,3.6083567396325753
scenario_02,lstm_robust_eps0.0,lstm,True,0.0,1.0,1,20.30000000000002,2.4094150407020742,1.8335214570340164,0.5741541521409573,0,2.015275049418654,3.6060311185504874
scenario_02,lstm_robust_eps0.0,lstm,True,0.0,1.0,2,19.300000000000004,2.532798322882046,1.9961587811820563,0.8102182939284454,0,2.0231556212065054,3.627722760488604
scenario_02,lstm_robust_eps0.0,lstm,True,0.0,1.0,3,20.000000000000014,2.44942249202929,1.8786688654411066,0.6213058385184995,0,2.008570933331151,3.5907808543005673
scenario_02,lstm_robust_eps0.0,lstm,True,0.0,1.0,4,19.900000000000013,2.4645180101209045,1.8849333923793612,0.6384900764232119,0,2.0152929223115934,3.606194987513119
scenario_02,lstm_robust_eps0.0,lstm,True,0.0,1.0,5,20.000000000000014,2.444840301381628,2.0029006653159036,0.6219850056886013,0,2.0183617668574474,3.607514437831723
scenario_02,lstm_robust_eps0.0,lstm,True,0.0,1.0,6,19.1,2.5680181666011093,1.7700904975144824,0.4680699418175703,0,2.006803673372854,3.5904132631339363
scenario_02,lstm_robust_eps0.0,lstm,True,0.0,1.0,7,20.30000000000002,2.4061090398232263,1.9965491221406153,0.563453226573277,0,2.016732836939791,3.607952232088407
scenario_02,lstm_robust_eps0.0,lstm,True,0.0,1.0,8,19.400000000000006,2.522985771802045,1.9363011419992842,0.7500252108416902,0,2.006399117275707,3.5899246936722036
scenario_02,lstm_robust_eps0.0,lstm,True,0.0,1.0,9,19.900000000000013,2.45673417887242,1.911024217357305,0.6548548224299531,0,2.014346560329917,3.607443456460908
scenario_02,lstm_robust_eps0.0,lstm,True,0.0,1.0,10,23.90000000000007,2.0494249647462723,1.484941564564306,0.19158728895407887,0,1.9137188170758934,3.4073023668879845
scenario_02,lstm_robust_eps0.0,lstm,True,0.0,1.0,11,19.500000000000007,2.5088506250875726,1.9660763918992963,0.7504131270195108,0,2.013379224976428,3.5981745137290195
scenario_02,lstm_robust_eps0.0,lstm,True,0.0,1.0,12,19.900000000000013,2.4604516264065173,1.9474601457694558,0.6933366792313529,0,2.0134198690165097,3.598762773909959
scenario_02,lstm_robust_eps0.0,lstm,True,0.0,1.0,13,19.0,2.5624143081251947,1.708022909849696,0.42987954911408327,0,1.984889052052694,3.5478918845349416
scenario_02,lstm_robust_eps0.0,lstm,True,0.0,1.0,14,20.200000000000017,2.411649541064442,1.9339603466884163,0.5360636904609588,0,2.008902152175863,3.5903605184482403
scenario_02,lstm_robust_eps0.0,lstm,True,0.0,1.0,15,19.80000000000001,2.4639872206926654,1.9127600273177996,0.6580534755565037,0,2.0233422754626558,3.6249957491085527
scenario_02,lstm_robust_eps0.0,lstm,True,0.0,1.0,16,20.200000000000017,2.413442099561124,2.0415710457278027,0.618766010087506,0,2.0158492164149355,3.6099058859017634
scenario_02,lstm_robust_eps0.0,lstm,True,0.0,1.0,17,20.200000000000017,2.418985746182845,1.9287895501204702,0.5536529333106671,0,2.0108389199934713,3.598320250715445
scenario_02,lstm_robust_eps0.0,lstm,True,0.0,1.0,18,20.000000000000014,2.440390437518323,1.8671499207747093,0.6001461545443737,0,2.0146155565802033,3.5977321473993387
scenario_02,lstm_robust_eps0.0,lstm,True,0.0,1.0,19,18.799999999999997,2.5949812236307728,1.6534022482344484,0.3891270470739539,0,2.0102411697570974,3.592156968933559
scenario_02,lstm_single,lstm,False,0.0,1.0,0,19.60000000000001,2.491822100496344,1.7846690580356326,0.6500097190483125,0,2.0098790327240628,3.600646847289535
scenario_02,lstm_single,lstm,False,0.0,1.0,1,19.70000000000001,2.4800097276563347,1.9077648841348518,0.7905965282267674,0,2.0132725177630353,3.6026241025056094
scenario_02,lstm_single,lstm,False,0.0,1.0,2,19.500000000000007,2.506538924782259,1.826746381476725,0.7622222405006673,0,2.029355035362308,3.638925278897735
scenario_02,lstm_single,lstm,False,0.0,1.0,3,19.80000000000001,2.466173853984459,1.831787978837308,0.6436774008707622,0,2.0095785745257646,3.591853184974432
scenario_02,lstm_single,lstm,False,0.0,1.0,4,19.300000000000004,2.524293470846914,1.8498412816631402,0.750701400410081,0,2.012313119905853,3.6018712497795353
scenario_02,lstm_single,lstm,False,0.0,1.0,5,19.200000000000003,2.533059030181556,1.7970883476173583,0.6103294189532572,0,2.0160260045911427,3.603959256453019
scenario_02,lstm_single,lstm,False,0.0,1.0,6,19.70000000000001,2.4760363856248846,1.815515363192096,0.6627379267210589,0,2.011436506188426,3.598619303396874
scenario_02,lstm_single,lstm,False,0.0,1.0,7,19.60000000000001,2.485311651254123,1.892473957644141,0.7749200095276852,0,2.0096692005579953,3.5943630306444687
scenario_02,lstm_single,lstm,False,0.0,1.0,8,19.500000000000007,2.5064368511946653,1.8848010518788265,0.6842587775924489,0,2.0113737750543343,3.598841789674871
scenario_02,lstm_single,lstm,False,0.0,1.0,9,19.60000000000001,2.4891790473368536,1.8258776172869022,0.6145672963518198,0,2.0131338544387742,3.605143544037166
scenario_02,lstm_single,lstm,False,0.0,1.0,10,19.400000000000006,2.518319841193389,1.8816891841499608,0.6548312194105297,0,2.012504880436729,3.600607130955045
scenario_02,lstm_single,lstm,False,0.0,1.0,11,19.80000000000001,2.465034403334118,1.8844934119969017,0.6767472625051704,0,2.0151311668095384,3.6001254403995113
scenario_02,lstm_single,lstm,False,0.0,1.0,12,19.500000000000007,2.4992463040750157,1.68306949972905,0.5799842403782492,0,2.01302345911683,3.597812134502273
scenario_02,lstm_single,lstm,False,0.0,1.0,13,19.500000000000007,2.4990316437860716,1.7423088582729647,0.6490713275345452,0,1.9945205508754906,3.5655178099581577
scenario_02,lstm_single,lstm,False,0.0,1.0,14,19.60000000000001,2.480715014094004,1.8929004906036027,0.7345545681222966,0,2.0053307978937513,3.584109101774348
scenario_02,lstm_single,lstm,False,0.0,1.0,15,19.500000000000007,2.4973689723606833,1.8149386583284113,0.6933327982243994,0,2.0209022781646815,3.620592132586699
scenario_02,lstm_single,lstm,False,0.0,1.0,16,19.200000000000003,2.53469011908499,1.7117862177411316,0.574114575931884,0,2.0135341539412925,3.6069431614202623
scenario_02,lstm_single,lstm,False,0.0,1.0,17,19.80000000000001,2.4683045385734226,1.5396495294967802,0.39239699568706965,0,2.010673168350248,3.5973072678072167
scenario_02,lstm_single,lstm,False,0.0,1.0,18,19.400000000000006,2.5185224061087506,1.7530380793478995,0.6496592134395025,0,2.0103386752065426,3.5903245283783574
scenario_02,lstm_single,lstm,False,0.0,1.0,19,19.400000000000006,2.5131101546521055,1.7170602539462334,0.6054339814861075,0,2.0165814575043095,3.6043386840511196
scenario_02,sgan_robust_eps0.0,sgan,True,0.0,1.0,0,20.200000000000017,2.4107950849572517,1.9923533023076412,0.6071015082936281,0,2.1071552075909006,3.79722189108968
scenario_02,sgan_robust_eps0.0,sgan,True,0.0,1.0,1,20.30000000000002,2.4100112381895,1.9222155076588663,0.5623969677256803,0,2.129337317910415,3.8367603096142178
scenario_02,sgan_robust_eps0.0,sgan,True,0.0,1.0,2,20.000000000000014,2.4320177332304436,2.026437511575253,0.661410288530085,0,2.12312192931059,3.819865257736144
scenario_02,sgan_robust_eps0.0,sgan,True,0.0,1.0,3,20.30000000000002,2.40317618618803,1.9495075596063318,0.5680304033788705,0,2.119230641784858,3.8136958118094424
scenario_02,sgan_robust_eps0.0,sgan,True,0.0,1.0,4,19.900000000000013,2.449856412000216,1.9017041681069664,0.6818646318242245,0,2.116283562077658,3.8027636664551117
scenario_02,sgan_robust_eps0.0,sgan,True,0.0,1.0,5,20.000000000000014,2.442687935375276,1.8768555131396143,0.6575425319180667,0,2.0997510287068732,3.771130061086431
scenario_02,sgan_robust_eps0.0,sgan,True,0.0,1.0,6,19.0,2.5707151887090123,1.612392675045328,0.37250559426856217,0,2.117027901376722,3.8155927660650826
scenario_02,sgan_robust_eps0.0,sgan,True,0.0,1.0,7,19.80000000000001,2.463367655631429,1.928948602991599,0.7231866612550003,0,2.107009533039099,3.7834658042202443
scenario_02,sgan_robust_eps0.0,sgan,True,0.0,1.0,8,19.1,2.567899731783553,1.8250740493301532,0.5302119696212388,0,2.108658723782879,3.793881031430399
scenario_02,sgan_robust_eps0.0,sgan,True,0.0,1.0,9,20.200000000000017,2.4200596762636706,1.935348871597747,0.571002834052139,0,2.1181034401840244,3.81600026980093
scenario_02,sgan_robust_eps0.0,sgan,True,0.0,1.0,10,19.200000000000003,2.545773574020931,1.7094299818377512,0.4299648194738494,0,2.108452602886805,3.787377764512721
scenario_02,sgan_robust_eps0.0,sgan,True,0.0,1.0,11,19.1,2.5512065727690385,1.7644392407206293,0.4820721341189187,0,2.1071671522373205,3.787491844240636
scenario_02,sgan_robust_eps0.0,sgan,True,0.0,1.0,12,19.1,2.5518047555968733,1.731796223821441,0.432446795788166,0,2.1101217362887215,3.7945945303279305
scenario_02,sgan_robust_eps0.0,sgan,True,0.0,1.0,13,20.000000000000014,2.4473521271761483,1.876228672387827,0.6612264368053421,0,2.125911282996376,3.822594798912095
scenario_02,sgan_robust_eps0.0,sgan,True,0.0,1.0,14,19.80000000000001,2.4743892400526084,1.8804536840021,0.6795874602240898,0,2.105167798129636,3.7833684797169833
scenario_02,sgan_robust_eps0.0,sgan,True,0.0,1.0,15,20.000000000000014,2.4467652619243467,1.8578737690565053,0.6457534023573371,0,2.1085272331455713,3.788977070145138
scenario_02,sgan_robust_eps0.0,sgan,True,0.0,1.0,16,19.80000000000001,2.469917357317381,1.8786312976940585,0.6765300658781258,0,2.1082046068384757,3.783973059066287
scenario_02,sgan_robust_eps0.0,sgan,True,0.0,1.0,17,18.9,2.578742869566248,1.4919135940639159,0.3074270886381862,0,2.1012592068962963,3.7612869125215833
scenario_02,sgan_robust_eps0.0,sgan,True,0.0,1.0,18,19.1,2.55095141115832,1.7973939090318523,0.5020797291757385,0,2.1088528433372065,3.782493702064573
scenario_02,sgan_robust_eps0.0,sgan,True,0.0,1.0,19,20.100000000000016,2.4243553267686604,1.962389149436288,0.6103555111424799,0,2.1150726363484518,3.8117324624140116
scenario_02,sgan_single_inf1.00,sgan,False,0.0,1.0,0,19.80000000000001,2.4541748428842363,1.5809046627955572,0.4404620130106869,0,2.10803342986338,3.796850226680163
scenario_02,sgan_single_inf1.00,sgan,False,0.0,1.0,1,19.500000000000007,2.5012582329453577,1.836361381942018,0.708246648105557,0,2.1290791817454764,3.8340808092675824
scenario_02,sgan_single_inf1.00,sgan,False,0.0,1.0,2,19.500000000000007,2.4982559820530588,1.7679035259682263,0.6966549287270329,0,2.1226963976933657,3.8179687560506244
scenario_02,sgan_single_inf1.00,sgan,False,0.0,1.0,3,19.500000000000007,2.4923631152775587,1.783398214449366,0.6634235445086171,0,2.118711419006121,3.8107285605039305
scenario_02,sgan_single_inf1.00,sgan,False,0.0,1.0,4,19.500000000000007,2.494685663554264,1.7378653853112902,0.6343786114274106,0,2.1199106826219998,3.809348810653216
scenario_02,sgan_single_inf1.00,sgan,False,0.0,1.0,5,19.900000000000013,2.4537105185481742,1.5218819202775218,0.39625269745816194,0,2.0977695410600794,3.766711572565788
scenario_02,sgan_single_inf1.00,sgan,False,0.0,1.0,6,19.80000000000001,2.4621544005422513,1.6377649926890623,0.507319381419903,0,2.126103097686649,3.834658820332694
scenario_02,sgan_single_inf1.00,sgan,False,0.0,1.0,7,19.900000000000013,2.4435231710767265,1.676373227526118,0.5179893789077273,0,2.103580189094977,3.7780593045252857
scenario_02,sgan_single_inf1.00,sgan,False,0.0,1.0,8,19.500000000000007,2.498256497076585,1.693888119638865,0.6021849257777829,0,2.1135049996305524,3.8030742837373746
scenario_02,sgan_single_inf1.00,sgan,False,0.0,1.0,9,19.900000000000013,2.447009389992319,1.602531299286723,0.45646590184852887,0,2.116133203117003,3.81106597867707
scenario_02,sgan_single_inf1.00,sgan,False,0.0,1.0,10,19.80000000000001,2.4551321079376267,1.6278770437125234,0.5423255505299854,0,2.110432946350239,3.791551184857508
scenario_02,sgan_single_inf1.00,sgan,False,0.0,1.0,11,19.60000000000001,2.4811941683397745,1.6278661816720106,0.5091982371168691,0,2.1093838648345695,3.7934891241343203
scenario_02,sgan_single_inf1.00,sgan,False,0.0,1.0,12,19.70000000000001,2.4799958577298344,1.7310250596161674,0.6015184934602404,0,2.1122204227021517,3.799035357106799
scenario_02,sgan_single_inf1.00,sgan,False,0.0,1.0,13,19.60000000000001,2.491182339417318,1.7542022476944037,0.6806614210985344,0,2.123066131770863,3.8164744033188085
scenario_02,sgan_single_inf1.00,sgan,False,0.0,1.0,14,19.500000000000007,2.4960489180614287,1.69541074000126,0.6028766774035461,0,2.105021059872972,3.78275192854958
scenario_02,sgan_single_inf1.00,sgan,False,0.0,1.0,15,19.60000000000001,2.4860539811039533,1.7807231911600545,0.7035657445290177,0,2.1037349589593632,3.7787155645950103
scenario_02,sgan_single_inf1.00,sgan,False,0.0,1.0,16,19.500000000000007,2.507953651707858,1.7547493266095535,0.643415349375672,0,2.1051509534468535,3.777367122246683
scenario_02,sgan_single_inf1.00,sgan,False,0.0,1.0,17,19.500000000000007,2.4982986537151954,1.689785033069562,0.6050634597363024,0,2.107758224332062,3.7768019820394594
scenario_02,sgan_single_inf1.00,sgan,False,0.0,1.0,18,19.80000000000001,2.4572074576063474,1.5959595047280621,0.45443418065331126,0,2.1139293740309135,3.793092637285023
scenario_02,sgan_single_inf1.00,sgan,False,0.0,1.0,19,19.60000000000001,2.4925182965642945,1.708287526021247,0.5884258072086487,0,2.1069712734120016,3.7947274271001707
scenario_02,sgan_single_inf1.10,sgan,False,0.0,1.1,0,20.000000000000014,2.4318281764443763,1.7128763301958052,0.5045666317417926,0,2.1082998526341634,3.7989226889763414
scenario_02,sgan_single_inf1.10,sgan,False,0.0,1.1,1,19.300000000000004,2.534552096727625,1.5314063501645478,0.3784494344169257,0,2.1246291112856013,3.825309840941768
scenario_02,sgan_single_inf1.10,sgan,False,0.0,1.1,2,19.70000000000001,2.470595275048755,1.9211734004770202,0.7733783166122025,0,2.120448978469805,3.814709003560611
scenario_02,sgan_single_inf1.10,sgan,False,0.0,1.1,3,20.100000000000016,2.4222788036158636,1.790553465385156,0.5283846131511326,0,2.1207494366718396,3.8158424245481837
scenario_02,sgan_single_inf1.10,sgan,False,0.0,1.1,4,19.900000000000013,2.447084285312234,1.6967000816073987,0.550063537513623,0,2.116077106306511,3.802349221878086
scenario_02,sgan_single_inf1.10,sgan,False,0.0,1.1,5,20.100000000000016,2.420619584749751,1.6351268664926908,0.43154724712253384,0,2.1022620804274945,3.775913501256927
scenario_02,sgan_single_inf1.10,sgan,False,0.0,1.1,6,20.100000000000016,2.4282434414807588,1.765353224465499,0.5359833040271353,0,2.1250541892795853,3.8333704090698344
scenario_02,sgan_single_inf1.10,sgan,False,0.0,1.1,7,19.80000000000001,2.461930897033098,1.8067170653049962,0.6602198102617941,0,2.1069176916416614,3.7832763925467643
scenario_02,sgan_single_inf1.10,sgan,False,0.0,1.1,8,20.000000000000014,2.445291562327965,1.7691028063894656,0.5973021646595528,0,2.11139788316026,3.8002987160109973
scenario_02,sgan_single_inf1.10,sgan,False,0.0,1.1,9,20.200000000000017,2.4126914314280956,1.7126886534746768,0.47782648133509037,0,2.117995904363545,3.8157251046713085
scenario_02,sgan_single_inf1.10,sgan,False,0.0,1.1,10,20.100000000000016,2.424459231307661,1.6362939455019188,0.4423512923874055,0,2.1118438389558727,3.7948947904683843
scenario_02,sgan_single_inf1.10,sgan,False,0.0,1.1,11,20.000000000000014,2.433354420986685,1.7345473360597576,0.5792738786699506,0,2.1127006512835727,3.8005013030366546
scenario_02,sgan_single_inf1.10,sgan,False,0.0,1.1,12,20.100000000000016,2.421494643726196,1.6071996477361894,0.40900920897912607,0,2.1196302247509506,3.812978222305274
scenario_02,sgan_single_inf1.10,sgan,False,0.0,1.1,13,19.900000000000013,2.4479358989844733,1.781329389569918,0.6372600551839352,0,2.123766515237266,3.818015124821123
scenario_02,sgan_single_inf1.10,sgan,False,0.0,1.1,14,20.100000000000016,2.4162627682073845,1.7355104984658354,0.5102169211070311,0,2.1060727368846406,3.7852042909340247
scenario_02,sgan_single_inf1.10,sgan,False,0.0,1.1,15,20.000000000000014,2.4428241828114774,1.8566351132687144,0.6094006615110321,0,2.108675758931499,3.789219396836713
scenario_02,sgan_single_inf1.10,sgan,False,0.0,1.1,16,20.000000000000014,2.4376349926161,1.7202344357970154,0.5718975141640407,0,2.1083748125510056,3.7847884963160103
scenario_02,sgan_single_inf1.10,sgan,False,0.0,1.1,17,19.80000000000001,2.4626984475069738,1.7886610534967191,0.6442835041870211,0,2.1092424205367983,3.7810637440601833
scenario_02,sgan_single_inf1.10,sgan,False,0.0,1.1,18,19.80000000000001,2.4656686350823325,1.8337603563252434,0.6818978901117553,0,2.114119319562409,3.7935103788159505
scenario_02,sgan_single_inf1.10,sgan,False,0.0,1.1,19,19.70000000000001,2.4751418503765765,1.9154729013543867,0.7748848023958234,0,2.108400672224331,3.7979532874233484
scenario_02,sgan_single_inf1.20,sgan,False,0.0,1.2,0,20.100000000000016,2.4327393250079647,1.8171424874725026,0.5929930937208161,0,2.109687233435712,3.8009218842250863
scenario_02,sgan_single_inf1.20,sgan,False,0.0,1.2,1,20.100000000000016,2.4317052914185373,1.950752392611243,0.727624170575514,0,2.131107918515714,3.8393796958190833
scenario_02,sgan_single_inf1.20,sgan,False,0.0,1.2,2,20.000000000000014,2.441552118954746,1.9605701021535202,0.713456345440712,0,2.123085279448333,3.819775129005166
scenario_02,sgan_single_inf1.20,sgan,False,0.0,1.2,3,20.000000000000014,2.439961632938608,1.946061746701415,0.7127444850064827,0,2.116376127664074,3.8080413219848293
scenario_02,sgan_single_inf1.20,sgan,False,0.0,1.2,4,20.40000000000002,2.386880787134328,1.8271367046947866,0.516480255977033,0,2.1229729439283163,3.8156682367167947
scenario_02,sgan_single_inf1.20,sgan,False,0.0,1.2,5,20.200000000000017,2.4075974298656777,1.8465709480021257,0.6264029735186765,0,2.1006665273882885,3.7739880106435266
scenario_02,sgan_single_inf1.20,sgan,False,0.0,1.2,6,19.1,2.5598755023584223,1.5965615763311722,0.39212900985532606,0,2.1189293394470416,3.819493678729905
scenario_02,sgan_single_inf1.20,sgan,False,0.0,1.2,7,15.499999999999961,3.1162714838735504,1.4795954013406558,0.4654849612857745,0,2.0612041725228467,3.6815445865061127
scenario_02,sgan_single_inf1.20,sgan,False,0.0,1.2,8,19.400000000000006,2.5157700017656803,1.6419791872085578,0.43173196177196305,0,2.110057342435232,3.7977446113954767
scenario_02,sgan_single_inf1.20,sgan,False,0.0,1.2,9,19.900000000000013,2.442808591406549,1.9126409798413435,0.7054103088744942,0,2.116335161029572,3.8115389709625016
scenario_02,sgan_single_inf1.20,sgan,False,0.0,1.2,10,19.400000000000006,2.5263767327683757,1.5903823222335203,0.39296193317317185,0,2.1060354694328014,3.7830884057340235
scenario_02,sgan_single_inf1.20,sgan,False,0.0,1.2,11,20.100000000000016,2.4242729174931887,1.835040871162852,0.6275826242263133,0,2.1154690141752237,3.805582705107283
scenario_02,sgan_single_inf1.20,sgan,False,0.0,1.2,12,19.300000000000004,2.519833338052058,1.5878908098958981,0.3849891206161097,0,2.1089814977261976,3.792275530308273
scenario_02,sgan_single_inf1.20,sgan,False,0.0,1.2,13,19.900000000000013,2.4542612795947405,1.828807372000888,0.6341268619239335,0,2.1238201971608084,3.818129588798032
scenario_02,sgan_single_inf1.20,sgan,False,0.0,1.2,14,20.200000000000017,2.421453011349289,1.7653421827035778,0.5545197814398727,0,2.103112100196035,3.7803546392848633
scenario_02,sgan_single_inf1.20,sgan,False,0.0,1.2,15,20.200000000000017,2.409869139932996,1.8095679985259383,0.5868084578917813,0,2.108591602096159,3.789074674515386
scenario_02,sgan_single_inf1.20,sgan,False,0.0,1.2,16,20.30000000000002,2.4069033776803113,1.8012753655964426,0.5822959628367276,0,2.1095420965865825,3.7875368409457435
scenario_02,sgan_single_inf1.20,sgan,False,0.0,1.2,17,20.200000000000017,2.4194478188746578,1.8113583449709407,0.5868424745077737,0,2.107896694921516,3.7799964593227813
scenario_02,sgan_single_inf1.20,sgan,False,0.0,1.2,18,20.600000000000023,2.35572320306892,1.855330371127668,0.7058071247818553,0,2.1211804937190144,3.8111957527206473
scenario_02,sgan_single_inf1.20,sgan,False,0.0,1.2,19,19.300000000000004,2.517698580342356,1.7091089532119244,0.4623478068208756,0,2.1069618858308217,3.7944428212487087
scenario_02,sgan_single_inf1.35,sgan,False,0.0,1.35,0,20.50000000000002,2.3736768198413722,2.1844944269989623,0.6892002750221542,0,2.1086123072511413,3.800294677166559
scenario_02,sgan_single_inf1.35,sgan,False,0.0,1.35,1,20.200000000000017,2.4125734696939194,1.8857437323624089,0.6010689374051356,0,2.1273900546219267,3.8330549465358676
scenario_02,sgan_single_inf1.35,sgan,False,0.0,1.35,2,20.700000000000024,2.3607639674421277,1.932585077032098,0.6611772356594033,0,2.129953772864537,3.83241052779638
scenario_02,sgan_single_inf1.35,sgan,False,0.0,1.35,3,23.500000000000064,2.086203511710404,1.710538437589544,0.3326210401575932,0,2.0631855934983876,3.716561633373832
scenario_02,sgan_single_inf1.35,sgan,False,0.0,1.35,4,23.400000000000063,2.0994536987565966,1.6145177998310045,0.28367119045828215,0,2.0654217182730688,3.7195536232980966
scenario_02,sgan_single_inf1.35,sgan,False,0.0,1.35,5,23.700000000000067,2.0703483925146604,1.6636236921679182,0.31166812073279154,0,2.046276176529293,3.686719916542977
scenario_02,sgan_single_inf1.35,sgan,False,0.0,1.35,6,20.200000000000017,2.4173527944473947,2.001787422437521,0.6853453455754689,0,2.122399461626212,3.8294291632651722
scenario_02,sgan_single_inf1.35,sgan,False,0.0,1.35,7,20.100000000000016,2.429127287847074,2.091870624087466,0.7582766666187059,0,2.108219316895822,3.7869189313715976
scenario_02,sgan_single_inf1.35,sgan,False,0.0,1.35,8,20.200000000000017,2.4100346138278463,2.345891275240096,0.9873841099821483,0,2.1112233800875075,3.800209718136586
scenario_02,sgan_single_inf1.35,sgan,False,0.0,1.35,9,20.100000000000016,2.421377941820861,2.0025815314608155,0.689563148081734,0,2.1212548663830284,3.8219186503711544
scenario_02,sgan_single_inf1.35,sgan,False,0.0,1.35,10,23.700000000000067,2.0669049413609453,1.6873316264874214,0.3243328737382765,0,2.0528083527185585,3.698896044450725
scenario_02,sgan_single_inf1.35,sgan,False,0.0,1.35,11,20.40000000000002,2.3922329332644723,1.9218287618240897,0.6351778045317034,0,2.1181312281054256,3.8114057196661326
scenario_02,sgan_single_inf1.35,sgan,False,0.0,1.35,12,20.30000000000002,2.398028754243165,1.8968032709507763,0.6392340541511119,0,2.117880101092682,3.8109323951128036
scenario_02,sgan_single_inf1.35,sgan,False,0.0,1.35,13,21.00000000000003,2.324882266931496,1.9077991139118478,0.6813774150330829,0,2.1252462228689613,3.822584371271729
scenario_02,sgan_single_inf1.35,sgan,False,0.0,1.35,14,24.00000000000007,2.0456974302720536,1.6070616919231329,0.28518968883276624,0,2.0412722068993263,3.6730032673573216
scenario_02,sgan_single_inf1.35,sgan,False,0.0,1.35,15,25.600000000000094,1.9189900527633748,1.5921720022406824,0.3392490941248997,0,2.0228693479429825,3.639417578835816
scenario_02,sgan_single_inf1.35,sgan,False,0.0,1.35,16,20.50000000000002,2.386122051569155,1.8631684418622743,0.6142630701713037,0,2.1073807490604506,3.7830480996132536
scenario_02,sgan_single_inf1.35,sgan,False,0.0,1.35,17,20.30000000000002,2.408657200473434,2.341986104718059,0.9568893254943069,0,2.110650346918961,3.785709104300797
scenario_02,sgan_single_inf1.35,sgan,False,0.0,1.35,18,24.100000000000072,2.0128246325302075,1.3805494966176792,0.4536401903462609,0,2.0531659361012284,3.697654767590534
scenario_02,sgan_single_inf1.35,sgan,False,0.0,1.35,19,16.699999999999967,2.8936067336863736,1.7456762855855126,0.5374739979587034,0,2.0916313889051943,3.758102399864088
scenario_02,sgan_single_inf1.50,sgan,False,0.0,1.5,0,21.300000000000033,2.295402812094445,2.0447099446728823,0.8366358747557696,0,2.09360423811464,3.7729472338670806
scenario_02,sgan_single_inf1.50,sgan,False,0.0,1.5,1,20.900000000000027,2.3289034119404692,1.9823893746603924,0.6854996544716039,0,2.1314517516246982,3.842498797300949
scenario_02,sgan_single_inf1.50,sgan,False,0.0,1.5,2,24.400000000000077,2.0148743911760496,1.662755406993131,0.4459795823457277,0,2.051796190853521,3.699900650416909
scenario_02,sgan_single_inf1.50,sgan,False,0.0,1.5,3,25.40000000000009,1.9258196326279196,1.5856841287629855,0.697696545478416,0,2.035645161381304,3.6684201845958184
scenario_02,sgan_single_inf1.50,sgan,False,0.0,1.5,4,21.00000000000003,2.3253232135738355,2.0104430994830875,0.7281494867641548,0,2.1200713306544943,3.8125841503488602
scenario_02,sgan_single_inf1.50,sgan,False,0.0,1.5,5,21.20000000000003,2.2968775794031813,1.9934530126869443,0.7300269122948415,0,2.0945805041832792,3.7659258799472015
scenario_02,sgan_single_inf1.50,sgan,False,0.0,1.5,6,24.200000000000074,2.0280732262693904,1.7122841040201786,0.3807003493603786,0,2.0571143404176495,3.715187500562514
scenario_02,sgan_single_inf1.50,sgan,False,0.0,1.5,7,26.1000000000001,1.8496204025339407,1.6161077039722678,0.7522914258483975,0,2.0212833888873063,3.636336209397385
scenario_02,sgan_single_inf1.50,sgan,False,0.0,1.5,8,21.00000000000003,2.316965063924668,1.9635222865217918,0.67799381141258,0,2.115566123641159,3.8104986113679606
scenario_02,sgan_single_inf1.50,sgan,False,0.0,1.5,9,21.600000000000037,2.261017127286155,1.9993621772076209,0.8520603358459181,0,2.1002386433347255,3.786530429615931
scenario_02,sgan_single_inf1.50,sgan,False,0.0,1.5,10,21.00000000000003,2.318229919263562,2.02868453716801,0.7852013100318505,0,2.111642115379367,3.796299943864216
scenario_02,sgan_single_inf1.50,sgan,False,0.0,1.5,11,19.0,2.5718421869510344,1.9466219817733974,0.5362844870606691,0,2.1057721342564593,3.7848923073100567
scenario_02,sgan_single_inf1.50,sgan,False,0.0,1.5,12,21.300000000000033,2.2907334869728726,1.964400415908759,0.7517236553776766,0,2.102443288264199,3.7837589558023272
scenario_02,sgan_single_inf1.50,sgan,False,0.0,1.5,13,22.200000000000045,2.188867519259698,1.9448138215407444,0.8887946220295758,0,2.093171135689326,3.7669500437159797
scenario_02,sgan_single_inf1.50,sgan,False,0.0,1.5,14,22.000000000000043,2.2188125907929903,1.9956056779447255,0.9048424558177979,0,2.0724520983479184,3.7272724497846412
scenario_02,sgan_single_inf1.50,sgan,False,0.0,1.5,15,21.20000000000003,2.3010638708353257,1.9796084674900467,0.7238890861968202,0,2.0981770560707353,3.770813652007478
scenario_02,sgan_single_inf1.50,sgan,False,0.0,1.5,16,25.000000000000085,1.966881731720571,1.5960777628593732,0.4526075964193492,0,2.028186177173397,3.6517368880530108
scenario_02,sgan_single_inf1.50,sgan,False,0.0,1.5,17,21.00000000000003,2.3193786040408395,1.9835974755986732,0.6941172896914423,0,2.110860503101852,3.786644161743112
scenario_02,sgan_single_inf1.50,sgan,False,0.0,1.5,18,25.900000000000098,1.9094357445910297,1.7532060329100458,0.3846944330222362,0,2.0359983386294984,3.666813925074185
scenario_02,sgan_single_inf1.50,sgan,False,0.0,1.5,19,25.000000000000085,1.9715029179444348,1.5571698503357942,0.4787108923305931,0,2.0282038700020735,3.658622461800911
scenario_03,lstm_robust_eps0.0,lstm,True,0.0,1.0,0,23.20000000000006,2.586750340884504,4.3860895328015195,1.1487779954535018,0,2.149345312906957,3.8471605817407015
scenario_03,lstm_robust_eps0.0,lstm,True,0.0,1.0,1,24.200000000000074,2.487812730380436,4.500380329331129,1.1485551369287248,0,2.110560999204267,3.769603465242843
scenario_03,lstm_robust_eps0.0,lstm,True,0.0,1.0,2,24.100000000000072,2.5035164476944423,4.30998887065778,1.1527217866727546,0,2.1100909188542256,3.7719891775054233
scenario_03,lstm_robust_eps0.0,lstm,True,0.0,1.0,3,23.10000000000006,2.6043467250879457,4.667285968429742,1.155566538558102,0,2.156265568135309,3.856738647721119
scenario_03,lstm_robust_eps0.0,lstm,True,0.0,1.0,4,23.20000000000006,2.5881722967772673,4.028937290327557,1.1548680175627046,0,2.146403241420546,3.837665379785727
scenario_03,lstm_robust_eps0.0,lstm,True,0.0,1.0,5,24.300000000000075,2.4844568306004664,4.7454517910694705,1.1548680175627046,0,2.1142085748448634,3.7808326736317177
scenario_03,lstm_robust_eps0.0,lstm,True,0.0,1.0,6,19.70000000000001,3.0010639597094975,3.6066128973083487,0.8692670585372793,0,2.254435420842461,4.045798084199625
scenario_03,lstm_robust_eps0.0,lstm,True,0.0,1.0,7,20.800000000000026,2.840146494861592,3.63737584532078,0.874427745162484,0,2.2611608779112977,4.055576216174964
scenario_03,lstm_robust_eps0.0,lstm,True,0.0,1.0,8,21.80000000000004,2.7076344693207983,3.6873623515726575,0.881117308592922,0,2.2117050386844803,3.9639889294130435
scenario_03,lstm_robust_eps0.0,lstm,True,0.0,1.0,9,20.40000000000002,2.907468399780003,3.6066128973083487,0.8692670585372793,0,2.2620291841293447,4.060459876523382
scenario_03,lstm_robust_eps0.0,lstm,True,0.0,1.0,10,20.800000000000026,2.8451485397827323,3.6129993316866624,0.8702337923287884,0,2.252183304714034,4.0463671158119325
scenario_03,lstm_robust_eps0.0,lstm,True,0.0,1.0,11,20.100000000000016,2.9417777894297057,3.6141893780282173,0.8705868238967148,0,2.2568517846844975,4.048775776642826
scenario_03,lstm_robust_eps0.0,lstm,True,0.0,1.0,12,24.200000000000074,2.4896385287598446,4.576242438939888,1.154689810174174,0,2.1023703023372935,3.752866333341408
scenario_03,lstm_robust_eps0.0,lstm,True,0.0,1.0,13,20.600000000000023,2.8693498971922,3.6129993316866624,0.8702337923287884,0,2.2491093764405274,4.0368473043017605
scenario_03,lstm_robust_eps0.0,lstm,True,0.0,1.0,14,24.100000000000072,2.5036128789938403,4.401357064702967,1.164255165342266,0,2.1137477006446583,3.7771591396591284
scenario_03,lstm_robust_eps0.0,lstm,True,0.0,1.0,15,20.200000000000017,2.930332789942418,3.6617929127787483,0.876872457473606,0,2.2583636979602737,4.056218080977696
scenario_03,lstm_robust_eps0.0,lstm,True,0.0,1.0,16,26.500000000000107,2.2870467811576414,5.587967602681507,1.1527217866727546,0,2.0404323718462765,3.6345059313950876
scenario_03,lstm_robust_eps0.0,lstm,True,0.0,1.0,17,23.30000000000006,2.585754521528718,4.125937927183285,1.1527217866727546,0,2.1387359831632904,3.8240050594068036
scenario_03,lstm_robust_eps0.0,lstm,True,0.0,1.0,18,24.100000000000072,2.5009600656967486,4.395807530016033,1.1485551369287248,0,2.113492771586039,3.776054987351435
scenario_03,lstm_robust_eps0.0,lstm,True,0.0,1.0,19,22.50000000000005,2.665457818398226,3.7183485165572487,1.1610037279811813,0,2.1772874061260485,3.8956412157069527
scenario_03,lstm_single,lstm,False,0.0,1.0,0,19.300000000000004,3.0611303973046304,3.3086124556969816,0.847272499787633,0,2.2505275466737777,4.041133676846542
scenario_03,lstm_single,lstm,False,0.0,1.0,1,19.200000000000003,3.085570532475626,3.334291629802426,0.847272499787633,0,2.2547280087426076,4.04426497306169
scenario_03,lstm_single,lstm,False,0.0,1.0,2,19.0,3.1163049682608204,2.9982713422745717,0.847272499787633,0,2.255582295829122,4.054321673465918
scenario_03,lstm_single,lstm,False,0.0,1.0,3,18.699999999999996,3.1566263557647267,3.019840854372342,0.847272499787633,0,2.2514146931121726,4.040790466933121
scenario_03,lstm_single,lstm,False,0.0,1.0,4,19.200000000000003,3.0763298685222034,3.2225141758412814,0.8512318911040568,0,2.2599823290927996,4.055988288852891
scenario_03,lstm_single,lstm,False,0.0,1.0,5,19.400000000000006,3.0631012664944586,3.030416352016871,0.8512318911040568,0,2.261333036356945,4.06168582430209
scenario_03,lstm_single,lstm,False,0.0,1.0,6,19.1,3.096621647262379,3.0555513021073564,0.847272499787633,0,2.2531819763729937,4.042701926614865
scenario_03,lstm_single,lstm,False,0.0,1.0,7,19.400000000000006,3.0621467752087295,3.067893616169327,0.8512318911040568,0,2.2613966933039453,4.055082311112366
scenario_03,lstm_single,lstm,False,0.0,1.0,8,19.400000000000006,3.055476656567981,3.074445287574787,0.847272499787633,0,2.256618980659697,4.051637979121244
scenario_03,lstm_single,lstm,False,0.0,1.0,9,19.300000000000004,3.0741155440013213,3.0097080918646792,0.847272499787633,0,2.2539098998299103,4.044546042094875
scenario_03,lstm_single,lstm,False,0.0,1.0,10,19.0,3.1180694955961394,2.8384465389011346,0.8512318911040568,0,2.2485540549025296,4.038517993828363
scenario_03,lstm_single,lstm,False,0.0,1.0,11,19.300000000000004,3.0724318318437986,3.1447846129018653,0.847272499787633,0,2.251737482666954,4.039983434946305
scenario_03,lstm_single,lstm,False,0.0,1.0,12,19.500000000000007,3.0297931872818626,3.4652106818180903,0.8527111347801688,0,2.24886795338971,4.032149391268276
scenario_03,lstm_single,lstm,False,0.0,1.0,13,19.1,3.0990420333988413,2.9263320845947756,0.8512318911040568,0,2.2455620764508017,4.028441957348033
scenario_03,lstm_single,lstm,False,0.0,1.0,14,21.500000000000036,2.7581025603503133,3.462741509175998,0.8527111347801688,0,2.221008675146763,3.9804175195879976
scenario_03,lstm_single,lstm,False,0.0,1.0,15,19.1,3.096007870875244,3.084502191203764,0.847272499787633,0,2.256548897483251,4.052026159028407
scenario_03,lstm_single,lstm,False,0.0,1.0,16,19.0,3.11094728168312,2.9742951390462298,0.847272499787633,0,2.2539586269959258,4.0455150025764315
scenario_03,lstm_single,lstm,False,0.0,1.0,17,19.300000000000004,3.076307983122677,3.189216960332278,0.8512318911040568,0,2.252131750087928,4.042257769069427
scenario_03,lstm_single,lstm,False,0.0,1.0,18,19.300000000000004,3.0720400379196318,3.190871521058043,0.847272499787633,0,2.2536158978160374,4.043702093364123
scenario_03,lstm_single,lstm,False,0.0,1.0,19,19.300000000000004,3.0651605241436575,3.1563627853061162,0.8512318911040568,0,2.2513039123312835,4.034441520128862
scenario_03,sgan_robust_eps0.0,sgan,True,0.0,1.0,0,19.400000000000006,3.048504029848815,3.1151537595288072,0.8538025790237863,0,2.1211927084633135,3.766632915744753
scenario_03,sgan_robust_eps0.0,sgan,True,0.0,1.0,1,19.900000000000013,2.9718263673686622,3.4731883629071314,0.8512318911040568,0,2.144367882514358,3.8057530833965085
scenario_03,sgan_robust_eps0.0,sgan,True,0.0,1.0,2,19.0,3.100111750226419,3.120168940005569,0.8530493937369013,0,2.1362057909834937,3.7910302443078234
scenario_03,sgan_robust_eps0.0,sgan,True,0.0,1.0,3,19.70000000000001,3.017348003125003,3.486280241063662,0.8530493937369013,0,2.1383284489826258,3.793593628098489
scenario_03,sgan_robust_eps0.0,sgan,True,0.0,1.0,4,19.300000000000004,3.0531084282527536,3.2602774039064037,0.8512318911040568,0,2.1354129067399175,3.788836956709481
scenario_03,sgan_robust_eps0.0,sgan,True,0.0,1.0,5,19.500000000000007,3.0277879496354148,3.5158974189641254,0.8563734170071471,0,2.122386651802672,3.760921619910776
scenario_03,sgan_robust_eps0.0,sgan,True,0.0,1.0,6,19.500000000000007,3.023346763614312,3.3709480429474215,0.8512318911040568,0,2.1391083568718177,3.7977425719158817
scenario_03,sgan_robust_eps0.0,sgan,True,0.0,1.0,7,19.70000000000001,3.003954045237155,3.4731883629071314,0.8512318911040568,0,2.126630121213729,3.7725986215636835
scenario_03,sgan_robust_eps0.0,sgan,True,0.0,1.0,8,18.9,3.1233945872186477,2.997156721967529,0.8512318911040568,0,2.1222673098226457,3.7626144321432182
scenario_03,sgan_robust_eps0.0,sgan,True,0.0,1.0,9,19.60000000000001,3.0155612721422576,3.273277888707509,0.8512318911040568,0,2.1400284020185385,3.8003782772389454
scenario_03,sgan_robust_eps0.0,sgan,True,0.0,1.0,10,19.200000000000003,3.0937188488346083,3.3165633251817326,0.8551608969323736,0,2.125979718768734,3.767441279611233
scenario_03,sgan_robust_eps0.0,sgan,True,0.0,1.0,11,19.60000000000001,3.0169964538916463,3.3691932518504397,0.8546739526916713,0,2.1301986585326675,3.7837995897986096
scenario_03,sgan_robust_eps0.0,sgan,True,0.0,1.0,12,19.500000000000007,3.035243041167577,3.375803485239017,0.8512318911040568,0,2.135421131835038,3.791356464016923
scenario_03,sgan_robust_eps0.0,sgan,True,0.0,1.0,13,19.60000000000001,3.0206510900412327,3.335295903335612,0.8512318911040568,0,2.144620454211759,3.8105560356250336
scenario_03,sgan_robust_eps0.0,sgan,True,0.0,1.0,14,19.60000000000001,3.0123516790636975,3.281015090439786,0.8558242789865299,0,2.123222829579313,3.7638827665297305
scenario_03,sgan_robust_eps0.0,sgan,True,0.0,1.0,15,19.1,3.092201925800893,3.0108028847987582,0.8530493937369013,0,2.1349669250756707,3.7920469176830705
scenario_03,sgan_robust_eps0.0,sgan,True,0.0,1.0,16,19.70000000000001,2.9959525270154597,3.4169731042963725,0.8551608969323736,0,2.1340798299901387,3.78769839205368
scenario_03,sgan_robust_eps0.0,sgan,True,0.0,1.0,17,19.60000000000001,3.021803080079294,3.2756202962091714,0.8538025790237863,0,2.1301763724762712,3.7748148696170207
scenario_03,sgan_robust_eps0.0,sgan,True,0.0,1.0,18,19.80000000000001,2.9844890301020377,3.4797021187407555,0.8527111347801688,0,2.1356697317677606,3.790725509300746
scenario_03,sgan_robust_eps0.0,sgan,True,0.0,1.0,19,19.500000000000007,3.026798672699658,3.2711041755430257,0.8652598845828923,0,2.1365338492586545,3.79811248190802
scenario_03,sgan_single_inf1.00,sgan,False,0.0,1.0,0,18.699999999999996,3.170685879444355,2.8030568772486797,0.847272499787633,0,2.1164576440763336,3.7536127754826683
scenario_03,sgan_single_inf1.00,sgan,False,0.0,1.0,1,18.499999999999993,3.2024276543989427,2.8910442555026585,0.847272499787633,0,2.142934893443028,3.8002945027608686
scenario_03,sgan_single_inf1.00,sgan,False,0.0,1.0,2,18.599999999999994,3.175584425818851,2.9545813678801998,0.847272499787633,0,2.141707129849405,3.798232856043869
scenario_03,sgan_single_inf1.00,sgan,False,0.0,1.0,3,18.39999999999999,3.2053259218835684,2.663464313786263,0.847272499787633,0,2.1379757067456864,3.7890326521199458
scenario_03,sgan_single_inf1.00,sgan,False,0.0,1.0,4,19.1,3.10820541587632,3.0573972101183253,0.847272499787633,0,2.1351765478241913,3.7874663480359265
scenario_03,sgan_single_inf1.00,sgan,False,0.0,1.0,5,18.29999999999999,3.2250323447241005,2.7174748961541493,0.847272499787633,0,2.1139838330680103,3.738253925548706
scenario_03,sgan_single_inf1.00,sgan,False,0.0,1.0,6,18.39999999999999,3.218213303179412,2.729004611253585,0.847272499787633,0,2.1327182205436848,3.781733539748627
scenario_03,sgan_single_inf1.00,sgan,False,0.0,1.0,7,18.599999999999994,3.173759694833576,2.8776876693889677,0.847272499787633,0,2.1246183414232926,3.7627859431745465
scenario_03,sgan_single_inf1.00,sgan,False,0.0,1.0,8,18.699999999999996,3.160107631393632,2.9304095677961337,0.847272499787633,0,2.1174374424151647,3.752856457260058
scenario_03,sgan_single_inf1.00,sgan,False,0.0,1.0,9,18.19999999999999,3.246095266417055,2.7699119564457795,0.847272499787633,0,2.1367242358602088,3.790106273679875
scenario_03,sgan_single_inf1.00,sgan,False,0.0,1.0,10,18.19999999999999,3.2453534220856173,2.768243302962084,0.847272499787633,0,2.1196508584126468,3.7506175736752487
scenario_03,sgan_single_inf1.00,sgan,False,0.0,1.0,11,18.19999999999999,3.247547858295815,2.759091630961608,0.8512318911040568,0,2.127538774638424,3.774813882859641
scenario_03,sgan_single_inf1.00,sgan,False,0.0,1.0,12,18.19999999999999,3.2399302846639633,2.9611346013427284,0.847272499787633,0,2.1266481581619194,3.771292671474109
scenario_03,sgan_single_inf1.00,sgan,False,0.0,1.0,13,18.599999999999994,3.185210389618883,2.6125394692277357,0.847272499787633,0,2.1425391979973956,3.8028906173674395
scenario_03,sgan_single_inf1.00,sgan,False,0.0,1.0,14,18.499999999999993,3.2034770142681848,2.3823641038825394,0.847272499787633,0,2.1215744495094992,3.759403598261529
scenario_03,sgan_single_inf1.00,sgan,False,0.0,1.0,15,18.19999999999999,3.2371638907723574,2.774647311428635,0.847272499787633,0,2.132128559222309,3.781133001824553
scenario_03,sgan_single_inf1.00,sgan,False,0.0,1.0,16,18.699999999999996,3.1582948371984685,2.822997466600674,0.847272499787633,0,2.1305363770078722,3.776146633822823
scenario_03,sgan_single_inf1.00,sgan,False,0.0,1.0,17,19.0,3.119354260903684,3.122571717728899,0.847272499787633,0,2.1260510018360006,3.7638129855422213
scenario_03,sgan_single_inf1.00,sgan,False,0.0,1.0,18,18.39999999999999,3.20967155043527,2.7909290903714172,0.847272499787633,0,2.123492794832673,3.7617000854892892
scenario_03,sgan_single_inf1.00,sgan,False,0.0,1.0,19,18.19999999999999,3.2452711375195435,2.797509594662502,0.847272499787633,0,2.1334361859802895,3.7883558057492133
scenario_03,sgan_single_inf1.10,sgan,False,0.0,1.1,0,19.0,3.1254454079487735,2.8905605005071235,0.8512318911040568,0,2.1184650739080033,3.759024392912385
scenario_03,sgan_single_inf1.10,sgan,False,0.0,1.1,1,18.599999999999994,3.188070263214493,2.5875961162907433,0.8527111347801688,0,2.145289797820678,3.804773061815177
scenario_03,sgan_single_inf1.10,sgan,False,0.0,1.1,2,19.0,3.1199053653169853,2.795427783827313,0.8538025790237863,0,2.136330588140315,3.791262989023057
scenario_03,sgan_single_inf1.10,sgan,False,0.0,1.1,3,18.799999999999997,3.1467289663097344,2.864893526858822,0.8512318911040568,0,2.140244520550141,3.795939314852175
scenario_03,sgan_single_inf1.10,sgan,False,0.0,1.1,4,18.29999999999999,3.224028626940168,2.744765920424564,0.8512318911040568,0,2.13264354688695,3.778072348501674
scenario_03,sgan_single_inf1.10,sgan,False,0.0,1.1,5,19.1,3.099758747445675,2.8336097608362065,0.8538025790237863,0,2.117815464169905,3.750429589249236
scenario_03,sgan_single_inf1.10,sgan,False,0.0,1.1,6,18.9,3.1375362192123557,2.783034444901866,0.8512318911040568,0,2.13750324904618,3.792030250753863
scenario_03,sgan_single_inf1.10,sgan,False,0.0,1.1,7,18.799999999999997,3.14336806614385,2.6330784081863827,0.8512318911040568,0,2.1229563410304264,3.762114338424234
scenario_03,sgan_single_inf1.10,sgan,False,0.0,1.1,8,18.9,3.1351608108511653,2.9206568692493398,0.8512318911040568,0,2.1224136289292663,3.762862719387128
scenario_03,sgan_single_inf1.10,sgan,False,0.0,1.1,9,18.29999999999999,3.2240166329213964,2.682842503248246,0.8527111347801688,0,2.1408072518828214,3.797579847477193
scenario_03,sgan_single_inf1.10,sgan,False,0.0,1.1,10,18.499999999999993,3.1945257999219283,2.8219011926411417,0.8527111347801688,0,2.1200737559362954,3.754059907001437
scenario_03,sgan_single_inf1.10,sgan,False,0.0,1.1,11,19.200000000000003,3.083294430575513,2.8907616731662666,0.8569804814021874,0,2.1315751383703647,3.7850747320027485
scenario_03,sgan_single_inf1.10,sgan,False,0.0,1.1,12,18.699999999999996,3.161640433608334,2.7981015442465944,0.847272499787633,0,2.1280608525014015,3.7751656966461646
scenario_03,sgan_single_inf1.10,sgan,False,0.0,1.1,13,19.0,3.114500563503087,2.820726335552909,0.8512318911040568,0,2.14139737602498,3.8029987942034214
scenario_03,sgan_single_inf1.10,sgan,False,0.0,1.1,14,19.1,3.098731801884158,2.863223902350396,0.8527111347801688,0,2.123078170190476,3.7630948688357346
scenario_03,sgan_single_inf1.10,sgan,False,0.0,1.1,15,18.599999999999994,3.185098964531229,2.7450070053769973,0.8512318911040568,0,2.134990767976766,3.7890494513254085
scenario_03,sgan_single_inf1.10,sgan,False,0.0,1.1,16,18.599999999999994,3.1746196604110914,2.714896706191672,0.8512318911040568,0,2.1349237903230525,3.784035204760113
scenario_03,sgan_single_inf1.10,sgan,False,0.0,1.1,17,18.39999999999999,3.211362058588632,2.784217339255748,0.8512318911040568,0,2.1193298206045523,3.749157635509936
scenario_03,sgan_single_inf1.10,sgan,False,0.0,1.1,18,18.799999999999997,3.14780320431158,2.8641566874076667,0.8551608969323736,0,2.127051308211633,3.7706901537171578
scenario_03,sgan_single_inf1.10,sgan,False,0.0,1.1,19,18.599999999999994,3.177880134346284,2.6965190667034644,0.847272499787633,0,2.1343612601412403,3.791190360949015
scenario_03,sgan_single_inf1.20,sgan,False,0.0,1.2,0,19.200000000000003,3.0935468860661643,3.004918494882002,0.8569804814021874,0,2.122829450982213,3.76757077869624
scenario_03,sgan_single_inf1.20,sgan,False,0.0,1.2,1,18.599999999999994,3.185716907685955,2.606496889081512,0.860335189100159,0,2.145206734196344,3.804627023742698
scenario_03,sgan_single_inf1.20,sgan,False,0.0,1.2,2,18.9,3.131274336577107,2.9246360205837525,0.8622366300572427,0,2.140301813305755,3.7972569821648974
scenario_03,sgan_single_inf1.20,sgan,False,0.0,1.2,3,18.9,3.1396286856526006,2.7542080522100125,0.8569804814021874,0,2.142399163150774,3.799501952740336
scenario_03,sgan_single_inf1.20,sgan,False,0.0,1.2,4,18.699999999999996,3.1556876594490277,2.907105219858892,0.8584179458423924,0,2.132412427449659,3.7799282187770675
scenario_03,sgan_single_inf1.20,sgan,False,0.0,1.2,5,18.9,3.133883042570734,2.793149998360873,0.8622366300572427,0,2.1178848529359464,3.749112251368448
scenario_03,sgan_single_inf1.20,sgan,False,0.0,1.2,6,19.0,3.114218446472879,2.8311630223395863,0.8584179458423924,0,2.133554590079664,3.7860467107709974
scenario_03,sgan_single_inf1.20,sgan,False,0.0,1.2,7,18.9,3.1320626264625764,2.6654960702472605,0.857667806974615,0,2.1240673505457526,3.763905705081754
scenario_03,sgan_single_inf1.20,sgan,False,0.0,1.2,8,18.9,3.134750733165355,2.6302270888422243,0.8638654617357219,0,2.1223025992791067,3.7627292382109063
scenario_03,sgan_single_inf1.20,sgan,False,0.0,1.2,9,19.0,3.1191950390515264,2.91110308314345,0.8594907449873599,0,2.1362864663473218,3.790722580788969
scenario_03,sgan_single_inf1.20,sgan,False,0.0,1.2,10,18.9,3.1271295510904964,3.031033543913276,0.867555029344807,0,2.124055530373527,3.762491146548311
scenario_03,sgan_single_inf1.20,sgan,False,0.0,1.2,11,20.800000000000026,2.8735781664071545,2.8577045706400166,1.0193949422107798,0,2.1345353574233825,3.795767043130069
scenario_03,sgan_single_inf1.20,sgan,False,0.0,1.2,12,19.1,3.084205825130225,3.0197445343924048,0.8527111347801688,0,2.1316008509141957,3.7833327077802745
scenario_03,sgan_single_inf1.20,sgan,False,0.0,1.2,13,19.0,3.110682123974277,2.9071605790087363,0.857667806974615,0,2.1413222194527592,3.802879722333252
scenario_03,sgan_single_inf1.20,sgan,False,0.0,1.2,14,18.799999999999997,3.134359292728769,2.7803940747413596,0.8612439990557113,0,2.1237378747430258,3.7642774073887137
scenario_03,sgan_single_inf1.20,sgan,False,0.0,1.2,15,19.300000000000004,3.069394902883452,2.9087859374699048,0.857667806974615,0,2.133706869205736,3.789728201510564
scenario_03,sgan_single_inf1.20,sgan,False,0.0,1.2,16,18.799999999999997,3.1439946327799513,2.773100850989172,0.859226671588119,0,2.1329919432002953,3.7817806900017863
scenario_03,sgan_single_inf1.20,sgan,False,0.0,1.2,17,18.9,3.1312059401495134,3.0013790906334297,0.8569804814021874,0,2.1297566745157104,3.7696169523049345
scenario_03,sgan_single_inf1.20,sgan,False,0.0,1.2,18,21.400000000000034,2.7945988355642015,3.3063771263451396,1.1485551369287248,0,2.1256520453531804,3.777479441669546
scenario_03,sgan_single_inf1.20,sgan,False,0.0,1.2,19,18.699999999999996,3.1585042092062143,2.7866922614700407,0.8527111347801688,0,2.1311719955232946,3.7863681618398206
scenario_03,sgan_single_inf1.35,sgan,False,0.0,1.35,0,21.500000000000036,2.78876079565047,2.899726043616403,1.078794646128489,0,2.110011226476008,3.749615273612989
scenario_03,sgan_single_inf1.35,sgan,False,0.0,1.35,1,22.200000000000045,2.70659469328705,3.2874507161786495,1.1527217866727546,0,2.1141849577227485,3.755212127891235
scenario_03,sgan_single_inf1.35,sgan,False,0.0,1.35,2,22.000000000000043,2.7357456450760793,3.1265822847365565,1.1527217866727546,0,2.1190500857659242,3.770881624903982
scenario_03,sgan_single_inf1.35,sgan,False,0.0,1.35,3,21.600000000000037,2.7848771669462016,2.827463627724361,1.053676161590351,0,2.1228417412792386,3.7684505077637738
scenario_03,sgan_single_inf1.35,sgan,False,0.0,1.35,4,21.20000000000003,2.83422044095869,2.8879880325607066,1.0406877122374985,0,2.128979073389917,3.7834891853747488
scenario_03,sgan_single_inf1.35,sgan,False,0.0,1.35,5,21.600000000000037,2.7791231570869863,2.8103016185079266,1.0475413610008277,0,2.109783894192043,3.7458057870754167
scenario_03,sgan_single_inf1.35,sgan,False,0.0,1.35,6,21.300000000000033,2.8133479309191585,2.8175661998115458,1.0424190346895725,0,2.1296350529688093,3.787405678094299
scenario_03,sgan_single_inf1.35,sgan,False,0.0,1.35,7,21.600000000000037,2.7791075658325752,2.9988707205815612,1.1160181070622126,0,2.1098543623887167,3.748506512322901
scenario_03,sgan_single_inf1.35,sgan,False,0.0,1.35,8,21.400000000000034,2.8039164214811327,2.8002982350283987,1.0207137042808094,0,2.115283144321322,3.7558058134253747
scenario_03,sgan_single_inf1.35,sgan,False,0.0,1.35,9,20.800000000000026,2.879158255264998,2.8636060118042415,1.0510193383559698,0,2.1460531317278235,3.8149146827265685
scenario_03,sgan_single_inf1.35,sgan,False,0.0,1.35,10,21.90000000000004,2.7473525197350095,2.908310170911651,1.1017248656695666,0,2.1081791162128654,3.7427115353220586
scenario_03,sgan_single_inf1.35,sgan,False,0.0,1.35,11,21.400000000000034,2.807792380214703,2.990010240558767,1.096726454796028,0,2.115834426334303,3.7636418990232876
scenario_03,sgan_single_inf1.35,sgan,False,0.0,1.35,12,21.400000000000034,2.808023264040025,2.9989321313914674,1.101645114546427,0,2.1230218504958955,3.773948659805432
scenario_03,sgan_single_inf1.35,sgan,False,0.0,1.35,13,22.100000000000044,2.7260586489022813,3.073607781977637,1.1548680175627046,0,2.124334204673231,3.7790306087663863
scenario_03,sgan_single_inf1.35,sgan,False,0.0,1.35,14,21.70000000000004,2.7724047480165184,3.0532698753399483,1.1304989083131707,0,2.109864555166192,3.743862006445653
scenario_03,sgan_single_inf1.35,sgan,False,0.0,1.35,15,22.000000000000043,2.734910087877021,3.03343553419611,1.1384539581360162,0,2.106389017700422,3.7458496482652053
scenario_03,sgan_single_inf1.35,sgan,False,0.0,1.35,16,22.000000000000043,2.7380536892503216,3.030047217122032,1.1439478880379648,0,2.1109186650122376,3.753080473909057
scenario_03,sgan_single_inf1.35,sgan,False,0.0,1.35,17,22.000000000000043,2.7311833844730695,3.221214583593862,1.1548680175627046,0,2.106779525534946,3.74131944756985
scenario_03,sgan_single_inf1.35,sgan,False,0.0,1.35,18,21.70000000000004,2.76178275658846,3.3071953875210056,1.1548680175627046,0,2.1247379307044465,3.7766384103437654
scenario_03,sgan_single_inf1.35,sgan,False,0.0,1.35,19,21.70000000000004,2.770719810970452,2.8865484384490334,1.0664082073488181,0,2.120480304643286,3.774509429590897
scenario_03,sgan_single_inf1.50,sgan,False,0.0,1.5,0,24.60000000000008,2.4566744645210368,5.610600245286089,1.1588601475846116,0,2.0528199462134804,3.6504497726581016
scenario_03,sgan_single_inf1.50,sgan,False,0.0,1.5,1,22.50000000000005,2.671308660565019,3.4344292728255854,1.1577611568788602,0,2.1072133364317183,3.7426912846748537
scenario_03,sgan_single_inf1.50,sgan,False,0.0,1.5,2,21.90000000000004,2.748018877815696,3.200068092661517,1.1594740735360392,0,2.1206361999860075,3.7730742878597257
scenario_03,sgan_single_inf1.50,sgan,False,0.0,1.5,3,21.600000000000037,2.776707544575733,2.959271119813108,1.1134194294748516,0,2.122851018998465,3.7684940580189337
scenario_03,sgan_single_inf1.50,sgan,False,0.0,1.5,4,22.000000000000043,2.7356018431952367,3.01341194897836,1.1610037279811813,0,2.110846716949823,3.75070640201002
scenario_03,sgan_single_inf1.50,sgan,False,0.0,1.5,5,22.40000000000005,2.683977098973475,3.230377645859551,1.156811594902699,0,2.089679096024716,3.7100722695935695
scenario_03,sgan_single_inf1.50,sgan,False,0.0,1.5,6,21.80000000000004,2.755308230176515,2.964028953297477,1.1480343618927857,0,2.12016877449498,3.7719015820709183
scenario_03,sgan_single_inf1.50,sgan,False,0.0,1.5,7,22.000000000000043,2.725377399959705,3.019480502135484,1.1563718816168376,0,2.0978253298681686,3.727043668479453
scenario_03,sgan_single_inf1.50,sgan,False,0.0,1.5,8,22.60000000000005,2.6646579127046874,3.3046459623955933,1.1651263848304367,0,2.085428000867098,3.703213877084497
scenario_03,sgan_single_inf1.50,sgan,False,0.0,1.5,9,21.300000000000033,2.815017737619187,3.052045649857058,1.1577611568788602,0,2.130349812349768,3.786781744100003
scenario_03,sgan_single_inf1.50,sgan,False,0.0,1.5,10,21.70000000000004,2.775974069269543,3.114035831622998,1.1651263848304367,0,2.116884178477807,3.756869689788234
scenario_03,sgan_single_inf1.50,sgan,False,0.0,1.5,11,21.90000000000004,2.7523277066190523,3.1062112946100413,1.160859669681844,0,2.1040583023131174,3.741893106654488
scenario_03,sgan_single_inf1.50,sgan,False,0.0,1.5,12,21.500000000000036,2.795758241094104,3.0376869930085095,1.1359839468609614,0,2.1212887017886186,3.77145438596421
scenario_03,sgan_single_inf1.50,sgan,False,0.0,1.5,13,22.40000000000005,2.6790571857311973,3.588470849789426,1.157423502902002,0,2.1200525672558777,3.7705982062221737
scenario_03,sgan_single_inf1.50,sgan,False,0.0,1.5,14,21.300000000000033,2.807014107829463,2.9942080100794115,1.116166238547838,0,2.115759979672511,3.7539644915787114
scenario_03,sgan_single_inf1.50,sgan,False,0.0,1.5,15,21.500000000000036,2.790549931433304,2.986568989267368,1.1276434992502624,0,2.121133016654151,3.772410072395574
scenario_03,sgan_single_inf1.50,sgan,False,0.0,1.5,16,21.90000000000004,2.7531013266709254,2.976755846686918,1.1345318640138464,0,2.113194452980708,3.756746630494814
scenario_03,sgan_single_inf1.50,sgan,False,0.0,1.5,17,21.70000000000004,2.765560072979228,3.2218705948073008,1.1683845187363855,0,2.1176257956324225,3.758793799249193
scenario_03,sgan_single_inf1.50,sgan,False,0.0,1.5,18,22.300000000000047,2.708167374160973,3.1792284488161755,1.1621108912317866,0,2.106860083051088,3.748192357811392
scenario_03,sgan_single_inf1.50,sgan,False,0.0,1.5,19,22.000000000000043,2.7297987822345924,3.0038122943443253,1.169280735133302,0,2.1082849809309825,3.7529822378785758
