ped_arm,pred,plan,n_runs,n_encounters,n_collision_runs,n_goal_reached,n_censored,min_dist_m_mean,min_dist_m_std,min_ttc_s_mean,min_ttc_s_std,collision_count_mean,collision_count_std,time_s_mean,time_s_std,progress_mean,progress_std,ego_dev_mean_m_mean,ego_dev_mean_m_std,rms_jerk_mean,rms_jerk_std,mean_accel_mean,mean_accel_std
avec,cv,robust,26,26,0,8,18,2.9172,1.6213,1.7209,1.3261,0.0,0.0,7.5462,3.0491,0.5811,0.1969,3.7174,2.9215,0.967,0.9665,0.2507,0.1924
avec,cv,single,26,26,0,8,18,2.9172,1.6213,1.7209,1.3261,0.0,0.0,7.5462,3.0491,0.5811,0.1969,3.7174,2.9215,0.967,0.9665,0.2507,0.1924
avec,lstm,robust,130,26,0,17,113,4.4182,1.563,2.873,1.2082,0.0,0.0,8.3992,2.8458,0.4541,0.2097,4.8337,3.4614,1.3569,1.0443,0.2951,0.165
avec,lstm,single,130,26,0,33,97,3.4818,1.609,2.1375,1.3127,0.0,0.0,7.8815,2.9365,0.5194,0.2083,4.1409,3.1099,1.6081,1.2265,0.3145,0.1997
avec,sgan,robust,130,26,0,21,109,4.0241,1.5366,2.6679,1.2243,0.0,0.0,8.2731,2.908,0.4698,0.1987,4.5587,3.0414,1.2177,0.9448,0.2929,0.1805
avec,sgan,single,130,26,0,33,97,3.3285,1.5477,1.977,1.2383,0.0,0.0,7.9038,2.852,0.5309,0.204,4.0314,3.0123,1.633,1.2757,0.309,0.1991
calib,cv,robust,26,26,1,8,17,2.9067,1.6448,1.694,1.378,0.0385,0.1961,7.5423,3.0505,0.5816,0.1966,3.7125,2.9171,0.9705,0.9688,0.2507,0.1923
calib,cv,single,26,26,1,8,17,2.9067,1.6448,1.694,1.378,0.0385,0.1961,7.5423,3.0505,0.5816,0.1966,3.7125,2.9171,0.9705,0.9688,0.2507,0.1923
calib,lstm,robust,130,26,4,19,107,4.4423,1.5852,2.8607,1.2641,0.0308,0.1734,8.3654,2.8296,0.453,0.2113,4.8422,3.4707,1.3803,1.038,0.3,0.1686
calib,lstm,single,130,26,5,33,92,3.4804,1.6314,2.1267,1.3544,0.0385,0.1931,7.8531,2.9165,0.5211,0.2085,4.0844,3.0711,1.5834,1.2343,0.3102,0.1981
calib,sgan,medoid,130,26,10,39,81,3.1252,1.5696,1.8397,1.3216,0.0769,0.2675,7.5185,2.9659,0.5571,0.1983,3.7339,2.8725,1.4936,1.4686,0.2993,0.1956
calib,sgan,robust,130,26,10,21,99,4.0313,1.5618,2.6472,1.2996,0.0769,0.2675,8.24,2.8908,0.4713,0.1987,4.4966,2.9964,1.22,0.9538,0.2918,0.1819
calib,sgan,single,130,26,10,34,86,3.3219,1.5753,1.9651,1.2859,0.0769,0.2675,7.8154,2.7948,0.5339,0.2071,3.9278,2.9544,1.6255,1.253,0.3084,0.202
calib13x,cv,robust,26,26,2,8,16,3.0102,1.8002,1.5053,1.3449,0.0769,0.2717,7.4577,3.0144,0.5775,0.226,3.7126,3.152,1.4266,1.4339,0.2697,0.1942
calib13x,cv,single,26,26,2,8,16,3.0102,1.8002,1.5053,1.3449,0.0769,0.2717,7.4577,3.0144,0.5775,0.226,3.7126,3.152,1.4266,1.4339,0.2697,0.1942
calib13x,lstm,robust,130,26,11,25,94,4.4063,1.9535,2.6354,1.4043,0.0846,0.2794,8.0062,2.8425,0.4525,0.2173,4.8498,3.5399,1.3356,1.1547,0.286,0.1628
calib13x,lstm,single,130,26,14,30,86,3.415,1.7637,1.8479,1.3347,0.1077,0.3112,7.6315,2.9919,0.5227,0.2063,3.7515,2.9086,1.4849,1.1682,0.2979,0.2034
calib13x,sgan,robust,130,26,10,24,96,3.9906,1.7899,2.4955,1.3406,0.0769,0.2675,7.9915,2.835,0.4797,0.2071,4.3906,3.0441,1.1555,1.0066,0.2772,0.1709
calib13x,sgan,single,130,26,15,27,88,3.4431,1.827,1.8816,1.3802,0.1154,0.3207,7.8008,2.8624,0.5312,0.2018,3.699,2.8138,1.4308,1.2928,0.2854,0.1941
norep,cv,robust,26,26,2,8,16,2.7564,1.7242,1.4992,1.4513,0.0769,0.2717,7.4462,2.9813,0.5707,0.2003,3.6177,2.821,1.2379,1.2017,0.2881,0.1914
norep,cv,single,26,26,2,8,16,2.7564,1.7242,1.4992,1.4513,0.0769,0.2717,7.4462,2.9813,0.5707,0.2003,3.6177,2.821,1.2379,1.2017,0.2881,0.1914
norep,lstm,robust,130,26,9,16,105,4.3614,1.6399,2.7919,1.3371,0.0692,0.2548,8.3862,2.8377,0.4525,0.2089,4.8063,3.4374,1.3727,1.0427,0.2981,0.1643
norep,lstm,single,130,26,13,33,84,3.3782,1.7005,1.9947,1.4411,0.1,0.3012,7.7962,2.8889,0.5156,0.2081,4.0577,3.0511,1.6956,1.2588,0.3221,0.1963
norep,sgan,robust,130,26,10,21,99,3.9436,1.6095,2.5789,1.3441,0.0769,0.2675,8.1969,2.8713,0.4697,0.1991,4.4603,2.9819,1.2189,0.9509,0.2954,0.182
norep,sgan,single,130,26,15,33,82,3.1893,1.6591,1.8399,1.3542,0.1154,0.3207,7.7838,2.79,0.5285,0.204,3.8821,2.9343,1.8079,1.4861,0.319,0.1961
replay,cv,robust,26,26,7,8,11,2.9561,1.8547,1.4212,1.2724,0.2692,0.4523,7.1346,3.0662,0.576,0.196,3.004,2.883,2.2659,2.0254,0.338,0.2037
replay,cv,single,26,26,7,8,11,2.9561,1.8547,1.4212,1.2724,0.2692,0.4523,7.1346,3.0662,0.576,0.196,3.004,2.883,2.2659,2.0254,0.338,0.2037
replay,lstm,robust,130,26,12,18,100,4.0708,1.7294,2.5804,1.3038,0.0923,0.2906,8.2362,2.9018,0.4713,0.1923,4.3511,3.1309,1.6302,1.0645,0.3205,0.1738
replay,lstm,single,130,26,33,32,65,3.2085,1.8738,1.6584,1.3174,0.2538,0.4369,7.4131,3.075,0.5506,0.1905,3.1214,2.8032,2.3943,1.9732,0.335,0.1915
replay,sgan,medoid,130,26,37,37,56,2.9106,1.7771,1.4253,1.2729,0.2846,0.453,7.2669,3.09,0.5745,0.1855,3.0747,2.7715,2.3566,2.0517,0.3284,0.1927
replay,sgan,robust,130,26,18,21,91,3.858,1.7603,2.4094,1.3793,0.1385,0.3467,8.0915,2.89,0.486,0.1873,3.9859,2.7235,1.5678,1.1867,0.3029,0.1776
replay,sgan,single,130,26,34,36,60,3.0773,1.8025,1.5298,1.2617,0.2615,0.4412,7.2846,3.07,0.5622,0.1895,3.0845,2.7851,2.4912,1.9553,0.3315,0.1891
