ped_arm,pred,enc_id,n_seeds,min_dist_single_m,min_dist_robust_m,delta_m
replay,cv,vci_back__back_interaction_01__e00,1,1.485841,1.485841,0.0
replay,cv,vci_back__back_interaction_02__e00,1,1.454863,1.454863,0.0
replay,cv,vci_back__back_interaction_03__e00,1,1.650621,1.650621,0.0
replay,cv,vci_back__back_interaction_04__e00,1,1.56866,1.56866,0.0
replay,cv,vci_front__front_interaction_01__e00,1,1.28608,1.28608,0.0
replay,cv,vci_front__front_interaction_02__e00,1,1.238352,1.238352,0.0
replay,cv,vci_front__front_interaction_03__e00,1,1.29213,1.29213,0.0
replay,cv,vci_front__front_interaction_04__e00,1,1.186716,1.186716,0.0
replay,cv,vci_lat_bi__bidirection_normal_driving_01__e00,1,2.369132,2.369132,0.0
replay,cv,vci_lat_bi__bidirection_normal_driving_02__e00,1,5.048812,5.048812,0.0
replay,cv,vci_lat_bi__bidirection_normal_driving_03__e00,1,6.658875,6.658875,0.0
replay,cv,vci_lat_bi__bidirection_normal_driving_04__e00,1,1.228591,1.228591,0.0
replay,cv,vci_lat_bi__bidirection_normal_driving_05__e00,1,4.394482,4.394482,0.0
replay,cv,vci_lat_bi__bidirection_normal_driving_06__e00,1,4.912429,4.912429,0.0
replay,cv,vci_lat_bi__bidirection_normal_driving_07__e00,1,4.215296,4.215296,0.0
replay,cv,vci_lat_bi__bidirection_normal_driving_08__e00,1,2.163577,2.163577,0.0
replay,cv,vci_lat_bi__bidirection_normal_driving_09__e00,1,2.711162,2.711162,0.0
replay,cv,vci_lat_bi__bidirection_normal_driving_10__e00,1,3.069957,3.069957,0.0
replay,cv,vci_lat_uni__unidirection_normal_driving_01__e00,1,6.465358,6.465358,0.0
replay,cv,vci_lat_uni__unidirection_normal_driving_02__e00,1,1.872007,1.872007,0.0
replay,cv,vci_lat_uni__unidirection_normal_driving_03__e00,1,1.260568,1.260568,0.0
replay,cv,vci_lat_uni__unidirection_normal_driving_04__e00,1,1.218047,1.218047,0.0
replay,cv,vci_lat_uni__unidirection_yeild_01__e00,1,5.185155,5.185155,0.0
replay,cv,vci_lat_uni__unidirection_yeild_02__e00,1,2.167723,2.167723,0.0
replay,cv,vci_lat_uni__unidirection_yeild_03__e00,1,5.448834,5.448834,0.0
replay,cv,vci_lat_uni__unidirection_yeild_04__e00,1,5.306334,5.306334,0.0
replay,lstm,vci_back__back_interaction_01__e00,5,2.169105,2.741648,0.572542
replay,lstm,vci_back__back_interaction_02__e00,5,1.654369,3.052992,1.398623
replay,lstm,vci_back__back_interaction_03__e00,5,1.730842,3.009518,1.278676
replay,lstm,vci_back__back_interaction_04__e00,5,1.830535,3.237162,1.406627
replay,lstm,vci_front__front_interaction_01__e00,5,1.21999,1.86768,0.64769
replay,lstm,vci_front__front_interaction_02__e00,5,1.264211,1.642117,0.377906
replay,lstm,vci_front__front_interaction_03__e00,5,1.315276,1.214614,-0.100662
replay,lstm,vci_front__front_interaction_04__e00,5,1.245777,1.221565,-0.024212
replay,lstm,vci_lat_bi__bidirection_normal_driving_01__e00,5,2.546369,4.027615,1.481246
replay,lstm,vci_lat_bi__bidirection_normal_driving_02__e00,5,4.459071,6.48959,2.030519
replay,lstm,vci_lat_bi__bidirection_normal_driving_03__e00,5,6.658875,6.658875,0.0
replay,lstm,vci_lat_bi__bidirection_normal_driving_04__e00,5,2.737766,4.160958,1.423192
replay,lstm,vci_lat_bi__bidirection_normal_driving_05__e00,5,6.294629,6.373438,0.078809
replay,lstm,vci_lat_bi__bidirection_normal_driving_06__e00,5,4.91508,5.737168,0.822088
replay,lstm,vci_lat_bi__bidirection_normal_driving_07__e00,5,4.215296,4.215296,0.0
replay,lstm,vci_lat_bi__bidirection_normal_driving_08__e00,5,3.349883,4.045074,0.695192
replay,lstm,vci_lat_bi__bidirection_normal_driving_09__e00,5,3.055772,4.369909,1.314137
replay,lstm,vci_lat_bi__bidirection_normal_driving_10__e00,5,3.760273,5.889855,2.129581
replay,lstm,vci_lat_uni__unidirection_normal_driving_01__e00,5,6.369797,5.839012,-0.530786
replay,lstm,vci_lat_uni__unidirection_normal_driving_02__e00,5,1.280105,2.28042,1.000315
replay,lstm,vci_lat_uni__unidirection_normal_driving_03__e00,5,1.217344,3.986834,2.769491
replay,lstm,vci_lat_uni__unidirection_normal_driving_04__e00,5,1.538307,3.265955,1.727648
replay,lstm,vci_lat_uni__unidirection_yeild_01__e00,5,5.185155,5.198846,0.013691
replay,lstm,vci_lat_uni__unidirection_yeild_02__e00,5,2.361621,3.680964,1.319343
replay,lstm,vci_lat_uni__unidirection_yeild_03__e00,5,5.740335,6.327558,0.587224
replay,lstm,vci_lat_uni__unidirection_yeild_04__e00,5,5.306334,5.306334,0.0
replay,sgan,vci_back__back_interaction_01__e00,5,1.548474,2.277932,0.729458
replay,sgan,vci_back__back_interaction_02__e00,5,2.542963,3.727627,1.184664
replay,sgan,vci_back__back_interaction_03__e00,5,1.497164,2.261999,0.764835
replay,sgan,vci_back__back_interaction_04__e00,5,1.950447,3.394013,1.443566
replay,sgan,vci_front__front_interaction_01__e00,5,1.196945,1.237487,0.040542
replay,sgan,vci_front__front_interaction_02__e00,5,1.260794,1.351475,0.090681
replay,sgan,vci_front__front_interaction_03__e00,5,1.283651,1.257217,-0.026433
replay,sgan,vci_front__front_interaction_04__e00,5,1.282107,1.245657,-0.03645
replay,sgan,vci_lat_bi__bidirection_normal_driving_01__e00,5,2.424794,3.896349,1.471555
replay,sgan,vci_lat_bi__bidirection_normal_driving_02__e00,5,3.925504,4.130237,0.204733
replay,sgan,vci_lat_bi__bidirection_normal_driving_03__e00,5,6.658875,6.658875,0.0
replay,sgan,vci_lat_bi__bidirection_normal_driving_04__e00,5,2.265231,4.327189,2.061957
replay,sgan,vci_lat_bi__bidirection_normal_driving_05__e00,5,4.394482,6.877739,2.483257
replay,sgan,vci_lat_bi__bidirection_normal_driving_06__e00,5,4.912429,4.936899,0.02447
replay,sgan,vci_lat_bi__bidirection_normal_driving_07__e00,5,4.215296,4.215296,0.0
replay,sgan,vci_lat_bi__bidirection_normal_driving_08__e00,5,3.271708,3.518436,0.246728
replay,sgan,vci_lat_bi__bidirection_normal_driving_09__e00,5,3.172873,4.93871,1.765837
replay,sgan,vci_lat_bi__bidirection_normal_driving_10__e00,5,3.493031,4.168257,0.675227
replay,sgan,vci_lat_uni__unidirection_normal_driving_01__e00,5,6.465358,6.131687,-0.333672
replay,sgan,vci_lat_uni__unidirection_normal_driving_02__e00,5,1.223886,2.017323,0.793436
replay,sgan,vci_lat_uni__unidirection_normal_driving_03__e00,5,1.2379,4.316066,3.078166
replay,sgan,vci_lat_uni__unidirection_normal_driving_04__e00,5,1.204432,3.154392,1.94996
replay,sgan,vci_lat_uni__unidirection_yeild_01__e00,5,5.185155,5.185697,0.000541
replay,sgan,vci_lat_uni__unidirection_yeild_02__e00,5,2.347599,2.699243,0.351644
replay,sgan,vci_lat_uni__unidirection_yeild_03__e00,5,5.741575,7.076771,1.335197
replay,sgan,vci_lat_uni__unidirection_yeild_04__e00,5,5.306334,5.306334,0.0
calib,cv,vci_back__back_interaction_01__e00,1,2.573906,2.573906,0.0
calib,cv,vci_back__back_interaction_02__e00,1,1.904926,1.904926,0.0
calib,cv,vci_back__back_interaction_03__e00,1,2.329691,2.329691,0.0
calib,cv,vci_back__back_interaction_04__e00,1,1.932864,1.932864,0.0
calib,cv,vci_front__front_interaction_01__e00,1,2.519807,2.519807,0.0
calib,cv,vci_front__front_interaction_02__e00,1,1.776171,1.776171,0.0
calib,cv,vci_front__front_interaction_03__e00,1,1.317976,1.317976,0.0
calib,cv,vci_front__front_interaction_04__e00,1,1.271559,1.271559,0.0
calib,cv,vci_lat_bi__bidirection_normal_driving_01__e00,1,1.97144,1.97144,0.0
calib,cv,vci_lat_bi__bidirection_normal_driving_02__e00,1,1.846345,1.846345,0.0
calib,cv,vci_lat_bi__bidirection_normal_driving_03__e00,1,6.554602,6.554602,0.0
calib,cv,vci_lat_bi__bidirection_normal_driving_04__e00,1,1.975389,1.975389,0.0
calib,cv,vci_lat_bi__bidirection_normal_driving_05__e00,1,4.285323,4.285323,0.0
calib,cv,vci_lat_bi__bidirection_normal_driving_06__e00,1,6.028233,6.028233,0.0
calib,cv,vci_lat_bi__bidirection_normal_driving_07__e00,1,4.045319,4.045319,0.0
calib,cv,vci_lat_bi__bidirection_normal_driving_08__e00,1,1.53753,1.53753,0.0
calib,cv,vci_lat_bi__bidirection_normal_driving_09__e00,1,2.238292,2.238292,0.0
calib,cv,vci_lat_bi__bidirection_normal_driving_10__e00,1,1.800568,1.800568,0.0
calib,cv,vci_lat_uni__unidirection_normal_driving_01__e00,1,6.335217,6.335217,0.0
calib,cv,vci_lat_uni__unidirection_normal_driving_02__e00,1,1.653679,1.653679,0.0
calib,cv,vci_lat_uni__unidirection_normal_driving_03__e00,1,1.736386,1.736386,0.0
calib,cv,vci_lat_uni__unidirection_normal_driving_04__e00,1,1.729073,1.729073,0.0
calib,cv,vci_lat_uni__unidirection_yeild_01__e00,1,4.933257,4.933257,0.0
calib,cv,vci_lat_uni__unidirection_yeild_02__e00,1,2.250575,2.250575,0.0
calib,cv,vci_lat_uni__unidirection_yeild_03__e00,1,4.222129,4.222129,0.0
calib,cv,vci_lat_uni__unidirection_yeild_04__e00,1,4.804408,4.804408,0.0
calib,lstm,vci_back__back_interaction_01__e00,5,2.6923,3.370316,0.678016
calib,lstm,vci_back__back_interaction_02__e00,5,2.36095,3.734193,1.373243
calib,lstm,vci_back__back_interaction_03__e00,5,2.737883,3.631261,0.893378
calib,lstm,vci_back__back_interaction_04__e00,5,2.246947,3.667066,1.420119
calib,lstm,vci_front__front_interaction_01__e00,5,2.987661,3.706446,0.718786
calib,lstm,vci_front__front_interaction_02__e00,5,2.024254,2.27635,0.252096
calib,lstm,vci_front__front_interaction_03__e00,5,1.351847,1.520936,0.169089
calib,lstm,vci_front__front_interaction_04__e00,5,1.296781,1.363642,0.066861
calib,lstm,vci_lat_bi__bidirection_normal_driving_01__e00,5,2.321185,4.103847,1.782662
calib,lstm,vci_lat_bi__bidirection_normal_driving_02__e00,5,4.378917,7.202427,2.82351
calib,lstm,vci_lat_bi__bidirection_normal_driving_03__e00,5,6.554602,6.554602,0.0
calib,lstm,vci_lat_bi__bidirection_normal_driving_04__e00,5,2.931011,4.249532,1.318521
calib,lstm,vci_lat_bi__bidirection_normal_driving_05__e00,5,5.965094,5.757444,-0.20765
calib,lstm,vci_lat_bi__bidirection_normal_driving_06__e00,5,6.028233,6.098705,0.070472
calib,lstm,vci_lat_bi__bidirection_normal_driving_07__e00,5,4.059873,4.12674,0.066867
calib,lstm,vci_lat_bi__bidirection_normal_driving_08__e00,5,3.980799,5.563872,1.583073
calib,lstm,vci_lat_bi__bidirection_normal_driving_09__e00,5,2.275132,3.483085,1.207953
calib,lstm,vci_lat_bi__bidirection_normal_driving_10__e00,5,4.201955,6.835442,2.633486
calib,lstm,vci_lat_uni__unidirection_normal_driving_01__e00,5,6.222185,5.965377,-0.256808
calib,lstm,vci_lat_uni__unidirection_normal_driving_02__e00,5,1.734464,3.698165,1.963701
calib,lstm,vci_lat_uni__unidirection_normal_driving_03__e00,5,2.239003,5.735193,3.49619
calib,lstm,vci_lat_uni__unidirection_normal_driving_04__e00,5,2.697467,2.903583,0.206116
calib,lstm,vci_lat_uni__unidirection_yeild_01__e00,5,4.933257,4.946392,0.013135
calib,lstm,vci_lat_uni__unidirection_yeild_02__e00,5,2.419136,3.651771,1.232635
calib,lstm,vci_lat_uni__unidirection_yeild_03__e00,5,5.046181,6.549863,1.503682
calib,lstm,vci_lat_uni__unidirection_yeild_04__e00,5,4.804408,4.804408,0.0
calib,sgan,vci_back__back_interaction_01__e00,5,2.520758,2.655751,0.134993
calib,sgan,vci_back__back_interaction_02__e00,5,2.669184,3.740326,1.071143
calib,sgan,vci_back__back_interaction_03__e00,5,2.382016,3.290389,0.908373
calib,sgan,vci_back__back_interaction_04__e00,5,2.448781,3.598547,1.149766
calib,sgan,vci_front__front_interaction_01__e00,5,2.448414,2.896363,0.447948
calib,sgan,vci_front__front_interaction_02__e00,5,2.01419,2.153461,0.139271
calib,sgan,vci_front__front_interaction_03__e00,5,1.281992,1.274499,-0.007493
calib,sgan,vci_front__front_interaction_04__e00,5,1.292374,1.272734,-0.019639
calib,sgan,vci_lat_bi__bidirection_normal_driving_01__e00,5,2.289203,3.680358,1.391154
calib,sgan,vci_lat_bi__bidirection_normal_driving_02__e00,5,4.193195,4.44679,0.253595
calib,sgan,vci_lat_bi__bidirection_normal_driving_03__e00,5,6.554602,6.554602,0.0
calib,sgan,vci_lat_bi__bidirection_normal_driving_04__e00,5,3.574598,4.266926,0.692328
calib,sgan,vci_lat_bi__bidirection_normal_driving_05__e00,5,4.246565,6.091592,1.845027
calib,sgan,vci_lat_bi__bidirection_normal_driving_06__e00,5,6.028233,6.028233,0.0
calib,sgan,vci_lat_bi__bidirection_normal_driving_07__e00,5,4.044565,4.056803,0.012237
calib,sgan,vci_lat_bi__bidirection_normal_driving_08__e00,5,3.127825,3.489213,0.361388
calib,sgan,vci_lat_bi__bidirection_normal_driving_09__e00,5,2.496926,3.331446,0.83452
calib,sgan,vci_lat_bi__bidirection_normal_driving_10__e00,5,3.584752,4.20055,0.615798
calib,sgan,vci_lat_uni__unidirection_normal_driving_01__e00,5,6.335217,6.025301,-0.309915
calib,sgan,vci_lat_uni__unidirection_normal_driving_02__e00,5,1.624488,3.290549,1.666061
calib,sgan,vci_lat_uni__unidirection_normal_driving_03__e00,5,1.658741,5.874119,4.215378
calib,sgan,vci_lat_uni__unidirection_normal_driving_04__e00,5,2.158172,3.235649,1.077477
calib,sgan,vci_lat_uni__unidirection_yeild_01__e00,5,4.933257,4.933257,0.0
calib,sgan,vci_lat_uni__unidirection_yeild_02__e00,5,2.30458,2.63494,0.33036
calib,sgan,vci_lat_uni__unidirection_yeild_03__e00,5,5.351808,6.986572,1.634764
calib,sgan,vci_lat_uni__unidirection_yeild_04__e00,5,4.804408,4.804408,0.0
avec,cv,vci_back__back_interaction_01__e00,1,2.550264,2.550264,0.0
avec,cv,vci_back__back_interaction_02__e00,1,1.87763,1.87763,0.0
avec,cv,vci_back__back_interaction_03__e00,1,2.311734,2.311734,0.0
avec,cv,vci_back__back_interaction_04__e00,1,1.968687,1.968687,0.0
avec,cv,vci_front__front_interaction_01__e00,1,2.453123,2.453123,0.0
avec,cv,vci_front__front_interaction_02__e00,1,1.766499,1.766499,0.0
avec,cv,vci_front__front_interaction_03__e00,1,1.578383,1.578383,0.0
avec,cv,vci_front__front_interaction_04__e00,1,1.425487,1.425487,0.0
avec,cv,vci_lat_bi__bidirection_normal_driving_01__e00,1,1.956773,1.956773,0.0
avec,cv,vci_lat_bi__bidirection_normal_driving_02__e00,1,1.852177,1.852177,0.0
avec,cv,vci_lat_bi__bidirection_normal_driving_03__e00,1,6.544316,6.544316,0.0
avec,cv,vci_lat_bi__bidirection_normal_driving_04__e00,1,2.068726,2.068726,0.0
avec,cv,vci_lat_bi__bidirection_normal_driving_05__e00,1,4.257866,4.257866,0.0
avec,cv,vci_lat_bi__bidirection_normal_driving_06__e00,1,6.012342,6.012342,0.0
avec,cv,vci_lat_bi__bidirection_normal_driving_07__e00,1,4.012152,4.012152,0.0
avec,cv,vci_lat_bi__bidirection_normal_driving_08__e00,1,1.614669,1.614669,0.0
avec,cv,vci_lat_bi__bidirection_normal_driving_09__e00,1,2.152098,2.152098,0.0
avec,cv,vci_lat_bi__bidirection_normal_driving_10__e00,1,1.797005,1.797005,0.0
avec,cv,vci_lat_uni__unidirection_normal_driving_01__e00,1,6.327725,6.327725,0.0
avec,cv,vci_lat_uni__unidirection_normal_driving_02__e00,1,1.687655,1.687655,0.0
avec,cv,vci_lat_uni__unidirection_normal_driving_03__e00,1,1.740841,1.740841,0.0
avec,cv,vci_lat_uni__unidirection_normal_driving_04__e00,1,1.741676,1.741676,0.0
avec,cv,vci_lat_uni__unidirection_yeild_01__e00,1,4.924116,4.924116,0.0
avec,cv,vci_lat_uni__unidirection_yeild_02__e00,1,2.21925,2.21925,0.0
avec,cv,vci_lat_uni__unidirection_yeild_03__e00,1,4.21187,4.21187,0.0
avec,cv,vci_lat_uni__unidirection_yeild_04__e00,1,4.795251,4.795251,0.0
avec,lstm,vci_back__back_interaction_01__e00,5,2.662737,3.44209,0.779354
avec,lstm,vci_back__back_interaction_02__e00,5,2.473303,3.696579,1.223276
avec,lstm,vci_back__back_interaction_03__e00,5,2.767965,3.58868,0.820715
avec,lstm,vci_back__back_interaction_04__e00,5,2.262747,3.724664,1.461917
avec,lstm,vci_front__front_interaction_01__e00,5,2.937944,3.685792,0.747848
avec,lstm,vci_front__front_interaction_02__e00,5,1.994546,2.224226,0.22968
avec,lstm,vci_front__front_interaction_03__e00,5,1.570959,1.617023,0.046064
avec,lstm,vci_front__front_interaction_04__e00,5,1.425481,1.536315,0.110834
avec,lstm,vci_lat_bi__bidirection_normal_driving_01__e00,5,2.291714,4.049163,1.757449
avec,lstm,vci_lat_bi__bidirection_normal_driving_02__e00,5,4.308621,7.192785,2.884164
avec,lstm,vci_lat_bi__bidirection_normal_driving_03__e00,5,6.544316,6.544316,0.0
avec,lstm,vci_lat_bi__bidirection_normal_driving_04__e00,5,2.848242,4.171405,1.323163
avec,lstm,vci_lat_bi__bidirection_normal_driving_05__e00,5,5.940749,5.730248,-0.210501
avec,lstm,vci_lat_bi__bidirection_normal_driving_06__e00,5,6.012342,6.083443,0.071101
avec,lstm,vci_lat_bi__bidirection_normal_driving_07__e00,5,4.026891,4.095131,0.068241
avec,lstm,vci_lat_bi__bidirection_normal_driving_08__e00,5,3.908611,5.519463,1.610852
avec,lstm,vci_lat_bi__bidirection_normal_driving_09__e00,5,2.233638,3.451001,1.217364
avec,lstm,vci_lat_bi__bidirection_normal_driving_10__e00,5,4.274705,6.823717,2.549012
avec,lstm,vci_lat_uni__unidirection_normal_driving_01__e00,5,6.214336,5.671114,-0.543222
avec,lstm,vci_lat_uni__unidirection_normal_driving_02__e00,5,1.757118,3.601444,1.844326
avec,lstm,vci_lat_uni__unidirection_normal_driving_03__e00,5,2.273887,5.706487,3.4326
avec,lstm,vci_lat_uni__unidirection_normal_driving_04__e00,5,2.658508,2.849965,0.191458
avec,lstm,vci_lat_uni__unidirection_yeild_01__e00,5,4.924116,4.937294,0.013178
avec,lstm,vci_lat_uni__unidirection_yeild_02__e00,5,2.385853,3.601224,1.215371
avec,lstm,vci_lat_uni__unidirection_yeild_03__e00,5,5.033171,6.534031,1.50086
avec,lstm,vci_lat_uni__unidirection_yeild_04__e00,5,4.795251,4.795251,0.0
avec,sgan,vci_back__back_interaction_01__e00,5,2.547382,2.764546,0.217164
avec,sgan,vci_back__back_interaction_02__e00,5,2.779743,3.809529,1.029786
avec,sgan,vci_back__back_interaction_03__e00,5,2.397567,3.263137,0.86557
avec,sgan,vci_back__back_interaction_04__e00,5,2.51696,3.581047,1.064087
avec,sgan,vci_front__front_interaction_01__e00,5,2.386296,2.829024,0.442728
avec,sgan,vci_front__front_interaction_02__e00,5,2.043484,2.138423,0.094938
avec,sgan,vci_front__front_interaction_03__e00,5,1.50796,1.438883,-0.069076
avec,sgan,vci_front__front_interaction_04__e00,5,1.385237,1.515141,0.129904
avec,sgan,vci_lat_bi__bidirection_normal_driving_01__e00,5,2.37366,3.635244,1.261584
avec,sgan,vci_lat_bi__bidirection_normal_driving_02__e00,5,4.165327,4.402692,0.237365
avec,sgan,vci_lat_bi__bidirection_normal_driving_03__e00,5,6.544316,6.544316,0.0
avec,sgan,vci_lat_bi__bidirection_normal_driving_04__e00,5,3.511112,4.193411,0.682299
avec,sgan,vci_lat_bi__bidirection_normal_driving_05__e00,5,4.21867,6.062001,1.843331
avec,sgan,vci_lat_bi__bidirection_normal_driving_06__e00,5,6.012342,6.012342,0.0
avec,sgan,vci_lat_bi__bidirection_normal_driving_07__e00,5,4.011386,4.023748,0.012362
avec,sgan,vci_lat_bi__bidirection_normal_driving_08__e00,5,2.964873,3.410099,0.445226
avec,sgan,vci_lat_bi__bidirection_normal_driving_09__e00,5,2.473042,3.271322,0.79828
avec,sgan,vci_lat_bi__bidirection_normal_driving_10__e00,5,3.543573,4.175045,0.631472
avec,sgan,vci_lat_uni__unidirection_normal_driving_01__e00,5,6.327725,6.016417,-0.311308
avec,sgan,vci_lat_uni__unidirection_normal_driving_02__e00,5,1.678779,3.205099,1.52632
avec,sgan,vci_lat_uni__unidirection_normal_driving_03__e00,5,1.706975,5.861355,4.154379
avec,sgan,vci_lat_uni__unidirection_normal_driving_04__e00,5,2.13471,3.18092,1.04621
avec,sgan,vci_lat_uni__unidirection_yeild_01__e00,5,4.924116,4.924116,0.0
avec,sgan,vci_lat_uni__unidirection_yeild_02__e00,5,2.274461,2.598021,0.32356
avec,sgan,vci_lat_uni__unidirection_yeild_03__e00,5,5.315289,6.975288,1.659998
avec,sgan,vci_lat_uni__unidirection_yeild_04__e00,5,4.795251,4.795251,0.0
norep,cv,vci_back__back_interaction_01__e00,1,1.549401,1.549401,0.0
norep,cv,vci_back__back_interaction_02__e00,1,1.640579,1.640579,0.0
norep,cv,vci_back__back_interaction_03__e00,1,2.113429,2.113429,0.0
norep,cv,vci_back__back_interaction_04__e00,1,2.192904,2.192904,0.0
norep,cv,vci_front__front_interaction_01__e00,1,2.345558,2.345558,0.0
norep,cv,vci_front__front_interaction_02__e00,1,1.35455,1.35455,0.0
norep,cv,vci_front__front_interaction_03__e00,1,1.29324,1.29324,0.0
norep,cv,vci_front__front_interaction_04__e00,1,1.275317,1.275317,0.0
norep,cv,vci_lat_bi__bidirection_normal_driving_01__e00,1,1.788413,1.788413,0.0
norep,cv,vci_lat_bi__bidirection_normal_driving_02__e00,1,1.671496,1.671496,0.0
norep,cv,vci_lat_bi__bidirection_normal_driving_03__e00,1,6.543521,6.543521,0.0
norep,cv,vci_lat_bi__bidirection_normal_driving_04__e00,1,1.472809,1.472809,0.0
norep,cv,vci_lat_bi__bidirection_normal_driving_05__e00,1,4.251327,4.251327,0.0
norep,cv,vci_lat_bi__bidirection_normal_driving_06__e00,1,6.010557,6.010557,0.0
norep,cv,vci_lat_bi__bidirection_normal_driving_07__e00,1,4.000809,4.000809,0.0
norep,cv,vci_lat_bi__bidirection_normal_driving_08__e00,1,1.371793,1.371793,0.0
norep,cv,vci_lat_bi__bidirection_normal_driving_09__e00,1,2.03725,2.03725,0.0
norep,cv,vci_lat_bi__bidirection_normal_driving_10__e00,1,1.688598,1.688598,0.0
norep,cv,vci_lat_uni__unidirection_normal_driving_01__e00,1,6.327048,6.327048,0.0
norep,cv,vci_lat_uni__unidirection_normal_driving_02__e00,1,1.515536,1.515536,0.0
norep,cv,vci_lat_uni__unidirection_normal_driving_03__e00,1,1.55823,1.55823,0.0
norep,cv,vci_lat_uni__unidirection_normal_driving_04__e00,1,1.635819,1.635819,0.0
norep,cv,vci_lat_uni__unidirection_yeild_01__e00,1,4.922815,4.922815,0.0
norep,cv,vci_lat_uni__unidirection_yeild_02__e00,1,2.101402,2.101402,0.0
norep,cv,vci_lat_uni__unidirection_yeild_03__e00,1,4.209745,4.209745,0.0
norep,cv,vci_lat_uni__unidirection_yeild_04__e00,1,4.793876,4.793876,0.0
norep,lstm,vci_back__back_interaction_01__e00,5,2.592431,3.45173,0.859299
norep,lstm,vci_back__back_interaction_02__e00,5,2.298718,3.699087,1.400369
norep,lstm,vci_back__back_interaction_03__e00,5,2.648795,3.521635,0.87284
norep,lstm,vci_back__back_interaction_04__e00,5,2.296656,3.694136,1.397481
norep,lstm,vci_front__front_interaction_01__e00,5,2.907574,3.681838,0.774264
norep,lstm,vci_front__front_interaction_02__e00,5,1.571095,1.860402,0.289307
norep,lstm,vci_front__front_interaction_03__e00,5,1.275699,1.254521,-0.021178
norep,lstm,vci_front__front_interaction_04__e00,5,1.256383,1.253356,-0.003027
norep,lstm,vci_lat_bi__bidirection_normal_driving_01__e00,5,2.128669,4.020628,1.891959
norep,lstm,vci_lat_bi__bidirection_normal_driving_02__e00,5,4.324243,7.192215,2.867972
norep,lstm,vci_lat_bi__bidirection_normal_driving_03__e00,5,6.543521,6.543521,0.0
norep,lstm,vci_lat_bi__bidirection_normal_driving_04__e00,5,2.635849,4.138353,1.502504
norep,lstm,vci_lat_bi__bidirection_normal_driving_05__e00,5,5.937646,5.726269,-0.211377
norep,lstm,vci_lat_bi__bidirection_normal_driving_06__e00,5,6.010557,6.081769,0.071212
norep,lstm,vci_lat_bi__bidirection_normal_driving_07__e00,5,4.015729,4.084612,0.068883
norep,lstm,vci_lat_bi__bidirection_normal_driving_08__e00,5,3.853462,5.511029,1.657567
norep,lstm,vci_lat_bi__bidirection_normal_driving_09__e00,5,2.087361,3.392397,1.305036
norep,lstm,vci_lat_bi__bidirection_normal_driving_10__e00,5,4.255738,6.822824,2.567086
norep,lstm,vci_lat_uni__unidirection_normal_driving_01__e00,5,6.213584,5.666544,-0.547041
norep,lstm,vci_lat_uni__unidirection_normal_driving_02__e00,5,1.431003,3.533315,2.102312
norep,lstm,vci_lat_uni__unidirection_normal_driving_03__e00,5,1.995741,5.702479,3.706738
norep,lstm,vci_lat_uni__unidirection_normal_driving_04__e00,5,2.525091,2.74011,0.215019
norep,lstm,vci_lat_uni__unidirection_yeild_01__e00,5,4.922815,4.936008,0.013193
norep,lstm,vci_lat_uni__unidirection_yeild_02__e00,5,2.280475,3.560282,1.279807
norep,lstm,vci_lat_uni__unidirection_yeild_03__e00,5,5.030503,6.532565,1.502062
norep,lstm,vci_lat_uni__unidirection_yeild_04__e00,5,4.793876,4.793876,0.0
norep,sgan,vci_back__back_interaction_01__e00,5,2.102331,2.777002,0.674671
norep,sgan,vci_back__back_interaction_02__e00,5,2.48307,3.519494,1.036423
norep,sgan,vci_back__back_interaction_03__e00,5,2.232297,3.14679,0.914493
norep,sgan,vci_back__back_interaction_04__e00,5,2.421835,3.519747,1.097912
norep,sgan,vci_front__front_interaction_01__e00,5,2.250101,2.775922,0.525821
norep,sgan,vci_front__front_interaction_02__e00,5,1.448056,1.670631,0.222576
norep,sgan,vci_front__front_interaction_03__e00,5,1.247629,1.249101,0.001473
norep,sgan,vci_front__front_interaction_04__e00,5,1.23787,1.245471,0.0076
norep,sgan,vci_lat_bi__bidirection_normal_driving_01__e00,5,2.231455,3.589656,1.358202
norep,sgan,vci_lat_bi__bidirection_normal_driving_02__e00,5,4.153348,4.385893,0.232545
norep,sgan,vci_lat_bi__bidirection_normal_driving_03__e00,5,6.543521,6.543521,0.0
norep,sgan,vci_lat_bi__bidirection_normal_driving_04__e00,5,3.400113,4.139503,0.73939
norep,sgan,vci_lat_bi__bidirection_normal_driving_05__e00,5,4.211635,6.057531,1.845896
norep,sgan,vci_lat_bi__bidirection_normal_driving_06__e00,5,6.010557,6.010557,0.0
norep,sgan,vci_lat_bi__bidirection_normal_driving_07__e00,5,4.000034,4.012529,0.012495
norep,sgan,vci_lat_bi__bidirection_normal_driving_08__e00,5,2.881385,3.320594,0.439209
norep,sgan,vci_lat_bi__bidirection_normal_driving_09__e00,5,2.365469,3.201794,0.836325
norep,sgan,vci_lat_bi__bidirection_normal_driving_10__e00,5,3.512034,4.144221,0.632187
norep,sgan,vci_lat_uni__unidirection_normal_driving_01__e00,5,6.327048,6.015487,-0.311561
norep,sgan,vci_lat_uni__unidirection_normal_driving_02__e00,5,1.367245,3.066045,1.698801
norep,sgan,vci_lat_uni__unidirection_normal_driving_03__e00,5,1.40871,5.858043,4.449333
norep,sgan,vci_lat_uni__unidirection_normal_driving_04__e00,5,1.902807,3.075167,1.17236
norep,sgan,vci_lat_uni__unidirection_yeild_01__e00,5,4.922815,4.922815,0.0
norep,sgan,vci_lat_uni__unidirection_yeild_02__e00,5,2.162598,2.518321,0.355723
norep,sgan,vci_lat_uni__unidirection_yeild_03__e00,5,5.303909,6.974594,1.670685
norep,sgan,vci_lat_uni__unidirection_yeild_04__e00,5,4.793876,4.793876,0.0
calib13x,cv,vci_back__back_interaction_01__e00,1,1.825677,1.825677,0.0
calib13x,cv,vci_back__back_interaction_02__e00,1,1.717945,1.717945,0.0
calib13x,cv,vci_back__back_interaction_03__e00,1,1.484469,1.484469,0.0
calib13x,cv,vci_back__back_interaction_04__e00,1,1.898385,1.898385,0.0
calib13x,cv,vci_front__front_interaction_01__e00,1,1.554472,1.554472,0.0
calib13x,cv,vci_front__front_interaction_02__e00,1,1.246342,1.246342,0.0
calib13x,cv,vci_front__front_interaction_03__e00,1,1.251282,1.251282,0.0
calib13x,cv,vci_front__front_interaction_04__e00,1,1.323467,1.323467,0.0
calib13x,cv,vci_lat_bi__bidirection_normal_driving_01__e00,1,1.461526,1.461526,0.0
calib13x,cv,vci_lat_bi__bidirection_normal_driving_02__e00,1,2.482219,2.482219,0.0
calib13x,cv,vci_lat_bi__bidirection_normal_driving_03__e00,1,7.291372,7.291372,0.0
calib13x,cv,vci_lat_bi__bidirection_normal_driving_04__e00,1,1.495341,1.495341,0.0
calib13x,cv,vci_lat_bi__bidirection_normal_driving_05__e00,1,4.323519,4.323519,0.0
calib13x,cv,vci_lat_bi__bidirection_normal_driving_06__e00,1,3.508072,3.508072,0.0
calib13x,cv,vci_lat_bi__bidirection_normal_driving_07__e00,1,5.335252,5.335252,0.0
calib13x,cv,vci_lat_bi__bidirection_normal_driving_08__e00,1,1.694472,1.694472,0.0
calib13x,cv,vci_lat_bi__bidirection_normal_driving_09__e00,1,4.030355,4.030355,0.0
calib13x,cv,vci_lat_bi__bidirection_normal_driving_10__e00,1,2.436886,2.436886,0.0
calib13x,cv,vci_lat_uni__unidirection_normal_driving_01__e00,1,6.348238,6.348238,0.0
calib13x,cv,vci_lat_uni__unidirection_normal_driving_02__e00,1,2.65335,2.65335,0.0
calib13x,cv,vci_lat_uni__unidirection_normal_driving_03__e00,1,2.138543,2.138543,0.0
calib13x,cv,vci_lat_uni__unidirection_normal_driving_04__e00,1,1.383361,1.383361,0.0
calib13x,cv,vci_lat_uni__unidirection_yeild_01__e00,1,5.507898,5.507898,0.0
calib13x,cv,vci_lat_uni__unidirection_yeild_02__e00,1,5.164494,5.164494,0.0
calib13x,cv,vci_lat_uni__unidirection_yeild_03__e00,1,3.992578,3.992578,0.0
calib13x,cv,vci_lat_uni__unidirection_yeild_04__e00,1,4.716902,4.716902,0.0
calib13x,lstm,vci_back__back_interaction_01__e00,5,1.829661,2.686007,0.856346
calib13x,lstm,vci_back__back_interaction_02__e00,5,2.09558,2.657974,0.562394
calib13x,lstm,vci_back__back_interaction_03__e00,5,1.898931,2.494548,0.595617
calib13x,lstm,vci_back__back_interaction_04__e00,5,2.33559,3.144449,0.808859
calib13x,lstm,vci_front__front_interaction_01__e00,5,1.306588,1.534834,0.228246
calib13x,lstm,vci_front__front_interaction_02__e00,5,1.67864,1.862869,0.184229
calib13x,lstm,vci_front__front_interaction_03__e00,5,1.258989,1.249319,-0.00967
calib13x,lstm,vci_front__front_interaction_04__e00,5,1.275642,1.256274,-0.019368
calib13x,lstm,vci_lat_bi__bidirection_normal_driving_01__e00,5,4.002311,5.767381,1.76507
calib13x,lstm,vci_lat_bi__bidirection_normal_driving_02__e00,5,2.492114,3.388876,0.896762
calib13x,lstm,vci_lat_bi__bidirection_normal_driving_03__e00,5,7.291372,7.291372,0.0
calib13x,lstm,vci_lat_bi__bidirection_normal_driving_04__e00,5,2.521588,5.747345,3.225757
calib13x,lstm,vci_lat_bi__bidirection_normal_driving_05__e00,5,5.652118,6.474381,0.822262
calib13x,lstm,vci_lat_bi__bidirection_normal_driving_06__e00,5,3.53307,5.818888,2.285818
calib13x,lstm,vci_lat_bi__bidirection_normal_driving_07__e00,5,5.361939,5.330884,-0.031055
calib13x,lstm,vci_lat_bi__bidirection_normal_driving_08__e00,5,2.250458,6.833634,4.583176
calib13x,lstm,vci_lat_bi__bidirection_normal_driving_09__e00,5,4.030355,4.017906,-0.012449
calib13x,lstm,vci_lat_bi__bidirection_normal_driving_10__e00,5,2.854132,7.616183,4.762051
calib13x,lstm,vci_lat_uni__unidirection_normal_driving_01__e00,5,6.210252,5.359302,-0.85095
calib13x,lstm,vci_lat_uni__unidirection_normal_driving_02__e00,5,2.514609,3.770635,1.256026
calib13x,lstm,vci_lat_uni__unidirection_normal_driving_03__e00,5,3.660108,4.924236,1.264128
calib13x,lstm,vci_lat_uni__unidirection_normal_driving_04__e00,5,2.37476,3.255598,0.880837
calib13x,lstm,vci_lat_uni__unidirection_yeild_01__e00,5,5.507898,5.524367,0.016469
calib13x,lstm,vci_lat_uni__unidirection_yeild_02__e00,5,5.165791,5.192761,0.02697
calib13x,lstm,vci_lat_uni__unidirection_yeild_03__e00,5,4.9714,6.648193,1.676793
calib13x,lstm,vci_lat_uni__unidirection_yeild_04__e00,5,4.716902,4.716252,-0.00065
calib13x,sgan,vci_back__back_interaction_01__e00,5,1.788222,1.980847,0.192625
calib13x,sgan,vci_back__back_interaction_02__e00,5,2.243752,2.456705,0.212953
calib13x,sgan,vci_back__back_interaction_03__e00,5,1.982,2.27895,0.29695
calib13x,sgan,vci_back__back_interaction_04__e00,5,2.485789,2.681646,0.195858
calib13x,sgan,vci_front__front_interaction_01__e00,5,1.591132,2.087253,0.496122
calib13x,sgan,vci_front__front_interaction_02__e00,5,1.364448,2.038079,0.673631
calib13x,sgan,vci_front__front_interaction_03__e00,5,1.250889,1.260366,0.009477
calib13x,sgan,vci_front__front_interaction_04__e00,5,1.251344,1.269127,0.017783
calib13x,sgan,vci_lat_bi__bidirection_normal_driving_01__e00,5,4.588931,5.01982,0.430889
calib13x,sgan,vci_lat_bi__bidirection_normal_driving_02__e00,5,2.661924,3.217629,0.555705
calib13x,sgan,vci_lat_bi__bidirection_normal_driving_03__e00,5,7.291372,7.291372,0.0
calib13x,sgan,vci_lat_bi__bidirection_normal_driving_04__e00,5,2.18776,4.156332,1.968572
calib13x,sgan,vci_lat_bi__bidirection_normal_driving_05__e00,5,5.827487,7.161777,1.334291
calib13x,sgan,vci_lat_bi__bidirection_normal_driving_06__e00,5,3.517072,3.800242,0.283171
calib13x,sgan,vci_lat_bi__bidirection_normal_driving_07__e00,5,5.358223,5.738986,0.380763
calib13x,sgan,vci_lat_bi__bidirection_normal_driving_08__e00,5,1.56596,3.362814,1.796854
calib13x,sgan,vci_lat_bi__bidirection_normal_driving_09__e00,5,4.030355,4.021883,-0.008472
calib13x,sgan,vci_lat_bi__bidirection_normal_driving_10__e00,5,2.982927,3.767056,0.784128
calib13x,sgan,vci_lat_uni__unidirection_normal_driving_01__e00,5,6.348238,5.866199,-0.482039
calib13x,sgan,vci_lat_uni__unidirection_normal_driving_02__e00,5,2.573718,3.707242,1.133524
calib13x,sgan,vci_lat_uni__unidirection_normal_driving_03__e00,5,3.163936,5.108999,1.945063
calib13x,sgan,vci_lat_uni__unidirection_normal_driving_04__e00,5,2.309936,3.004808,0.694872
calib13x,sgan,vci_lat_uni__unidirection_yeild_01__e00,5,5.507898,5.507898,0.0
calib13x,sgan,vci_lat_uni__unidirection_yeild_02__e00,5,5.164494,5.164494,0.0
calib13x,sgan,vci_lat_uni__unidirection_yeild_03__e00,5,5.764912,7.087087,1.322175
calib13x,sgan,vci_lat_uni__unidirection_yeild_04__e00,5,4.716902,4.716902,0.0
